W0327 21:27:59.687000 947711 site-packages/torch/distributed/run.py:792] 
W0327 21:27:59.687000 947711 site-packages/torch/distributed/run.py:792] *****************************************
W0327 21:27:59.687000 947711 site-packages/torch/distributed/run.py:792] Setting OMP_NUM_THREADS environment variable for each process to be 1 in default, to avoid your system being overloaded, please further tune the variable for optimal performance in your application as needed. 
W0327 21:27:59.687000 947711 site-packages/torch/distributed/run.py:792] *****************************************
Unrecognized keys in `rope_scaling` for 'rope_type'='default': {'mrope_section'}
You are attempting to use Flash Attention 2.0 without specifying a torch dtype. This might lead to unexpected behaviour
Qwen2_5OmniToken2WavModel must inference with fp32, but flash_attention_2 only supports fp16 and bf16, attention implementation of Qwen2_5OmniToken2WavModel will fallback to sdpa.
Loading checkpoint shards:   0%|          | 0/3 [00:00<?, ?it/s]Unrecognized keys in `rope_scaling` for 'rope_type'='default': {'mrope_section'}
Unrecognized keys in `rope_scaling` for 'rope_type'='default': {'mrope_section'}
Unrecognized keys in `rope_scaling` for 'rope_type'='default': {'mrope_section'}
You are attempting to use Flash Attention 2.0 without specifying a torch dtype. This might lead to unexpected behaviour
You are attempting to use Flash Attention 2.0 without specifying a torch dtype. This might lead to unexpected behaviour
You are attempting to use Flash Attention 2.0 without specifying a torch dtype. This might lead to unexpected behaviour
Qwen2_5OmniToken2WavModel must inference with fp32, but flash_attention_2 only supports fp16 and bf16, attention implementation of Qwen2_5OmniToken2WavModel will fallback to sdpa.
Qwen2_5OmniToken2WavModel must inference with fp32, but flash_attention_2 only supports fp16 and bf16, attention implementation of Qwen2_5OmniToken2WavModel will fallback to sdpa.
Qwen2_5OmniToken2WavModel must inference with fp32, but flash_attention_2 only supports fp16 and bf16, attention implementation of Qwen2_5OmniToken2WavModel will fallback to sdpa.
Loading checkpoint shards:   0%|          | 0/3 [00:00<?, ?it/s]Loading checkpoint shards:   0%|          | 0/3 [00:00<?, ?it/s]Loading checkpoint shards:   0%|          | 0/3 [00:00<?, ?it/s]Loading checkpoint shards:  33%|███▎      | 1/3 [00:02<00:05,  2.85s/it]Loading checkpoint shards:  33%|███▎      | 1/3 [00:02<00:05,  2.96s/it]Loading checkpoint shards:  33%|███▎      | 1/3 [00:02<00:05,  2.98s/it]Loading checkpoint shards:  33%|███▎      | 1/3 [00:02<00:05,  2.95s/it]Loading checkpoint shards:  67%|██████▋   | 2/3 [00:05<00:02,  2.77s/it]Loading checkpoint shards:  67%|██████▋   | 2/3 [00:05<00:02,  2.95s/it]Loading checkpoint shards:  67%|██████▋   | 2/3 [00:05<00:02,  2.94s/it]Loading checkpoint shards:  67%|██████▋   | 2/3 [00:05<00:02,  2.95s/it]Loading checkpoint shards: 100%|██████████| 3/3 [00:06<00:00,  2.02s/it]Loading checkpoint shards: 100%|██████████| 3/3 [00:06<00:00,  2.23s/it]
You have video processor config saved in `preprocessor.json` file which is deprecated. Video processor configs should be saved in their own `video_preprocessor.json` file. You can rename the file or load and save the processor back which renames it automatically. Loading from `preprocessor.json` will be removed in v5.0.
WARNING:root:System prompt modified, audio output may not work as expected. Audio output mode only works when using default system prompt 'You are Qwen, a virtual human developed by the Qwen Team, Alibaba Group, capable of perceiving auditory and visual inputs, as well as generating text and speech.'
Loading checkpoint shards: 100%|██████████| 3/3 [00:07<00:00,  2.20s/it]Loading checkpoint shards: 100%|██████████| 3/3 [00:07<00:00,  2.40s/it]
Loading checkpoint shards: 100%|██████████| 3/3 [00:07<00:00,  2.20s/it]Loading checkpoint shards: 100%|██████████| 3/3 [00:07<00:00,  2.40s/it]
Loading checkpoint shards: 100%|██████████| 3/3 [00:07<00:00,  2.21s/it]Loading checkpoint shards: 100%|██████████| 3/3 [00:07<00:00,  2.41s/it]
You have video processor config saved in `preprocessor.json` file which is deprecated. Video processor configs should be saved in their own `video_preprocessor.json` file. You can rename the file or load and save the processor back which renames it automatically. Loading from `preprocessor.json` will be removed in v5.0.
You have video processor config saved in `preprocessor.json` file which is deprecated. Video processor configs should be saved in their own `video_preprocessor.json` file. You can rename the file or load and save the processor back which renames it automatically. Loading from `preprocessor.json` will be removed in v5.0.
You have video processor config saved in `preprocessor.json` file which is deprecated. Video processor configs should be saved in their own `video_preprocessor.json` file. You can rename the file or load and save the processor back which renames it automatically. Loading from `preprocessor.json` will be removed in v5.0.
/home/gaofeng/OmniZip/qwen-omni-utils/src/qwen_omni_utils/v2_5/audio_process.py:85: UserWarning: PySoundFile failed. Trying audioread instead.
  librosa.load(
/home/gaofeng/anaconda3/envs/omnizip/lib/python3.10/site-packages/librosa/core/audio.py:184: FutureWarning: librosa.core.audio.__audioread_load
	Deprecated as of librosa version 0.10.0.
	It will be removed in librosa version 1.0.
  y, sr_native = __audioread_load(path, offset, duration, dtype)
qwen-vl-utils using decord to read video.
WARNING:root:System prompt modified, audio output may not work as expected. Audio output mode only works when using default system prompt 'You are Qwen, a virtual human developed by the Qwen Team, Alibaba Group, capable of perceiving auditory and visual inputs, as well as generating text and speech.'
WARNING:root:System prompt modified, audio output may not work as expected. Audio output mode only works when using default system prompt 'You are Qwen, a virtual human developed by the Qwen Team, Alibaba Group, capable of perceiving auditory and visual inputs, as well as generating text and speech.'
WARNING:root:System prompt modified, audio output may not work as expected. Audio output mode only works when using default system prompt 'You are Qwen, a virtual human developed by the Qwen Team, Alibaba Group, capable of perceiving auditory and visual inputs, as well as generating text and speech.'
/home/gaofeng/OmniZip/qwen-omni-utils/src/qwen_omni_utils/v2_5/audio_process.py:85: UserWarning: PySoundFile failed. Trying audioread instead.
  librosa.load(
/home/gaofeng/anaconda3/envs/omnizip/lib/python3.10/site-packages/librosa/core/audio.py:184: FutureWarning: librosa.core.audio.__audioread_load
	Deprecated as of librosa version 0.10.0.
	It will be removed in librosa version 1.0.
  y, sr_native = __audioread_load(path, offset, duration, dtype)
/home/gaofeng/OmniZip/qwen-omni-utils/src/qwen_omni_utils/v2_5/audio_process.py:85: UserWarning: PySoundFile failed. Trying audioread instead.
  librosa.load(
/home/gaofeng/anaconda3/envs/omnizip/lib/python3.10/site-packages/librosa/core/audio.py:184: FutureWarning: librosa.core.audio.__audioread_load
	Deprecated as of librosa version 0.10.0.
	It will be removed in librosa version 1.0.
  y, sr_native = __audioread_load(path, offset, duration, dtype)
/home/gaofeng/OmniZip/qwen-omni-utils/src/qwen_omni_utils/v2_5/audio_process.py:85: UserWarning: PySoundFile failed. Trying audioread instead.
  librosa.load(
/home/gaofeng/anaconda3/envs/omnizip/lib/python3.10/site-packages/librosa/core/audio.py:184: FutureWarning: librosa.core.audio.__audioread_load
	Deprecated as of librosa version 0.10.0.
	It will be removed in librosa version 1.0.
  y, sr_native = __audioread_load(path, offset, duration, dtype)
qwen-vl-utils using decord to read video.
qwen-vl-utils using decord to read video.
qwen-vl-utils using decord to read video.
Unused or unrecognized kwargs: return_tensors, images.
Unused or unrecognized kwargs: return_tensors, images.
Unused or unrecognized kwargs: images, return_tensors.
Unused or unrecognized kwargs: return_tensors, images.
WARNING:root:System prompt modified, audio output may not work as expected. Audio output mode only works when using default system prompt 'You are Qwen, a virtual human developed by the Qwen Team, Alibaba Group, capable of perceiving auditory and visual inputs, as well as generating text and speech.'
/home/gaofeng/OmniZip/qwen-omni-utils/src/qwen_omni_utils/v2_5/audio_process.py:85: UserWarning: PySoundFile failed. Trying audioread instead.
  librosa.load(
/home/gaofeng/anaconda3/envs/omnizip/lib/python3.10/site-packages/librosa/core/audio.py:184: FutureWarning: librosa.core.audio.__audioread_load
	Deprecated as of librosa version 0.10.0.
	It will be removed in librosa version 1.0.
  y, sr_native = __audioread_load(path, offset, duration, dtype)
WARNING:root:System prompt modified, audio output may not work as expected. Audio output mode only works when using default system prompt 'You are Qwen, a virtual human developed by the Qwen Team, Alibaba Group, capable of perceiving auditory and visual inputs, as well as generating text and speech.'
/home/gaofeng/OmniZip/qwen-omni-utils/src/qwen_omni_utils/v2_5/audio_process.py:85: UserWarning: PySoundFile failed. Trying audioread instead.
  librosa.load(
/home/gaofeng/anaconda3/envs/omnizip/lib/python3.10/site-packages/librosa/core/audio.py:184: FutureWarning: librosa.core.audio.__audioread_load
	Deprecated as of librosa version 0.10.0.
	It will be removed in librosa version 1.0.
  y, sr_native = __audioread_load(path, offset, duration, dtype)
WARNING:root:System prompt modified, audio output may not work as expected. Audio output mode only works when using default system prompt 'You are Qwen, a virtual human developed by the Qwen Team, Alibaba Group, capable of perceiving auditory and visual inputs, as well as generating text and speech.'
/home/gaofeng/OmniZip/qwen-omni-utils/src/qwen_omni_utils/v2_5/audio_process.py:85: UserWarning: PySoundFile failed. Trying audioread instead.
  librosa.load(
/home/gaofeng/anaconda3/envs/omnizip/lib/python3.10/site-packages/librosa/core/audio.py:184: FutureWarning: librosa.core.audio.__audioread_load
	Deprecated as of librosa version 0.10.0.
	It will be removed in librosa version 1.0.
  y, sr_native = __audioread_load(path, offset, duration, dtype)
WARNING:root:System prompt modified, audio output may not work as expected. Audio output mode only works when using default system prompt 'You are Qwen, a virtual human developed by the Qwen Team, Alibaba Group, capable of perceiving auditory and visual inputs, as well as generating text and speech.'
/home/gaofeng/OmniZip/qwen-omni-utils/src/qwen_omni_utils/v2_5/audio_process.py:85: UserWarning: PySoundFile failed. Trying audioread instead.
  librosa.load(
/home/gaofeng/anaconda3/envs/omnizip/lib/python3.10/site-packages/librosa/core/audio.py:184: FutureWarning: librosa.core.audio.__audioread_load
	Deprecated as of librosa version 0.10.0.
	It will be removed in librosa version 1.0.
  y, sr_native = __audioread_load(path, offset, duration, dtype)
Unused or unrecognized kwargs: return_tensors, images.
Unused or unrecognized kwargs: return_tensors, images.
Unused or unrecognized kwargs: return_tensors, images.
WARNING:root:System prompt modified, audio output may not work as expected. Audio output mode only works when using default system prompt 'You are Qwen, a virtual human developed by the Qwen Team, Alibaba Group, capable of perceiving auditory and visual inputs, as well as generating text and speech.'
/home/gaofeng/OmniZip/qwen-omni-utils/src/qwen_omni_utils/v2_5/audio_process.py:85: UserWarning: PySoundFile failed. Trying audioread instead.
  librosa.load(
/home/gaofeng/anaconda3/envs/omnizip/lib/python3.10/site-packages/librosa/core/audio.py:184: FutureWarning: librosa.core.audio.__audioread_load
	Deprecated as of librosa version 0.10.0.
	It will be removed in librosa version 1.0.
  y, sr_native = __audioread_load(path, offset, duration, dtype)
Unused or unrecognized kwargs: return_tensors, images.
Unused or unrecognized kwargs: images, return_tensors.
WARNING:root:System prompt modified, audio output may not work as expected. Audio output mode only works when using default system prompt 'You are Qwen, a virtual human developed by the Qwen Team, Alibaba Group, capable of perceiving auditory and visual inputs, as well as generating text and speech.'
/home/gaofeng/OmniZip/qwen-omni-utils/src/qwen_omni_utils/v2_5/audio_process.py:85: UserWarning: PySoundFile failed. Trying audioread instead.
  librosa.load(
/home/gaofeng/anaconda3/envs/omnizip/lib/python3.10/site-packages/librosa/core/audio.py:184: FutureWarning: librosa.core.audio.__audioread_load
	Deprecated as of librosa version 0.10.0.
	It will be removed in librosa version 1.0.
  y, sr_native = __audioread_load(path, offset, duration, dtype)
WARNING:root:System prompt modified, audio output may not work as expected. Audio output mode only works when using default system prompt 'You are Qwen, a virtual human developed by the Qwen Team, Alibaba Group, capable of perceiving auditory and visual inputs, as well as generating text and speech.'
/home/gaofeng/OmniZip/qwen-omni-utils/src/qwen_omni_utils/v2_5/audio_process.py:85: UserWarning: PySoundFile failed. Trying audioread instead.
  librosa.load(
/home/gaofeng/anaconda3/envs/omnizip/lib/python3.10/site-packages/librosa/core/audio.py:184: FutureWarning: librosa.core.audio.__audioread_load
	Deprecated as of librosa version 0.10.0.
	It will be removed in librosa version 1.0.
  y, sr_native = __audioread_load(path, offset, duration, dtype)
WARNING:root:System prompt modified, audio output may not work as expected. Audio output mode only works when using default system prompt 'You are Qwen, a virtual human developed by the Qwen Team, Alibaba Group, capable of perceiving auditory and visual inputs, as well as generating text and speech.'
/home/gaofeng/OmniZip/qwen-omni-utils/src/qwen_omni_utils/v2_5/audio_process.py:85: UserWarning: PySoundFile failed. Trying audioread instead.
  librosa.load(
/home/gaofeng/anaconda3/envs/omnizip/lib/python3.10/site-packages/librosa/core/audio.py:184: FutureWarning: librosa.core.audio.__audioread_load
	Deprecated as of librosa version 0.10.0.
	It will be removed in librosa version 1.0.
  y, sr_native = __audioread_load(path, offset, duration, dtype)
Unused or unrecognized kwargs: return_tensors, images.
Unused or unrecognized kwargs: return_tensors, images.
Unused or unrecognized kwargs: return_tensors, images.
WARNING:root:System prompt modified, audio output may not work as expected. Audio output mode only works when using default system prompt 'You are Qwen, a virtual human developed by the Qwen Team, Alibaba Group, capable of perceiving auditory and visual inputs, as well as generating text and speech.'
/home/gaofeng/OmniZip/qwen-omni-utils/src/qwen_omni_utils/v2_5/audio_process.py:85: UserWarning: PySoundFile failed. Trying audioread instead.
  librosa.load(
/home/gaofeng/anaconda3/envs/omnizip/lib/python3.10/site-packages/librosa/core/audio.py:184: FutureWarning: librosa.core.audio.__audioread_load
	Deprecated as of librosa version 0.10.0.
	It will be removed in librosa version 1.0.
  y, sr_native = __audioread_load(path, offset, duration, dtype)
WARNING:root:System prompt modified, audio output may not work as expected. Audio output mode only works when using default system prompt 'You are Qwen, a virtual human developed by the Qwen Team, Alibaba Group, capable of perceiving auditory and visual inputs, as well as generating text and speech.'
/home/gaofeng/OmniZip/qwen-omni-utils/src/qwen_omni_utils/v2_5/audio_process.py:85: UserWarning: PySoundFile failed. Trying audioread instead.
  librosa.load(
/home/gaofeng/anaconda3/envs/omnizip/lib/python3.10/site-packages/librosa/core/audio.py:184: FutureWarning: librosa.core.audio.__audioread_load
	Deprecated as of librosa version 0.10.0.
	It will be removed in librosa version 1.0.
  y, sr_native = __audioread_load(path, offset, duration, dtype)
Unused or unrecognized kwargs: return_tensors, images.
WARNING:root:System prompt modified, audio output may not work as expected. Audio output mode only works when using default system prompt 'You are Qwen, a virtual human developed by the Qwen Team, Alibaba Group, capable of perceiving auditory and visual inputs, as well as generating text and speech.'
/home/gaofeng/OmniZip/qwen-omni-utils/src/qwen_omni_utils/v2_5/audio_process.py:85: UserWarning: PySoundFile failed. Trying audioread instead.
  librosa.load(
/home/gaofeng/anaconda3/envs/omnizip/lib/python3.10/site-packages/librosa/core/audio.py:184: FutureWarning: librosa.core.audio.__audioread_load
	Deprecated as of librosa version 0.10.0.
	It will be removed in librosa version 1.0.
  y, sr_native = __audioread_load(path, offset, duration, dtype)
WARNING:root:System prompt modified, audio output may not work as expected. Audio output mode only works when using default system prompt 'You are Qwen, a virtual human developed by the Qwen Team, Alibaba Group, capable of perceiving auditory and visual inputs, as well as generating text and speech.'
/home/gaofeng/OmniZip/qwen-omni-utils/src/qwen_omni_utils/v2_5/audio_process.py:85: UserWarning: PySoundFile failed. Trying audioread instead.
  librosa.load(
/home/gaofeng/anaconda3/envs/omnizip/lib/python3.10/site-packages/librosa/core/audio.py:184: FutureWarning: librosa.core.audio.__audioread_load
	Deprecated as of librosa version 0.10.0.
	It will be removed in librosa version 1.0.
  y, sr_native = __audioread_load(path, offset, duration, dtype)
WARNING:root:System prompt modified, audio output may not work as expected. Audio output mode only works when using default system prompt 'You are Qwen, a virtual human developed by the Qwen Team, Alibaba Group, capable of perceiving auditory and visual inputs, as well as generating text and speech.'
/home/gaofeng/OmniZip/qwen-omni-utils/src/qwen_omni_utils/v2_5/audio_process.py:85: UserWarning: PySoundFile failed. Trying audioread instead.
  librosa.load(
/home/gaofeng/anaconda3/envs/omnizip/lib/python3.10/site-packages/librosa/core/audio.py:184: FutureWarning: librosa.core.audio.__audioread_load
	Deprecated as of librosa version 0.10.0.
	It will be removed in librosa version 1.0.
  y, sr_native = __audioread_load(path, offset, duration, dtype)
Unused or unrecognized kwargs: images, return_tensors.
Unused or unrecognized kwargs: return_tensors, images.
Unused or unrecognized kwargs: return_tensors, images.
WARNING:root:System prompt modified, audio output may not work as expected. Audio output mode only works when using default system prompt 'You are Qwen, a virtual human developed by the Qwen Team, Alibaba Group, capable of perceiving auditory and visual inputs, as well as generating text and speech.'
/home/gaofeng/OmniZip/qwen-omni-utils/src/qwen_omni_utils/v2_5/audio_process.py:85: UserWarning: PySoundFile failed. Trying audioread instead.
  librosa.load(
/home/gaofeng/anaconda3/envs/omnizip/lib/python3.10/site-packages/librosa/core/audio.py:184: FutureWarning: librosa.core.audio.__audioread_load
	Deprecated as of librosa version 0.10.0.
	It will be removed in librosa version 1.0.
  y, sr_native = __audioread_load(path, offset, duration, dtype)
Unused or unrecognized kwargs: return_tensors, images.
WARNING:root:System prompt modified, audio output may not work as expected. Audio output mode only works when using default system prompt 'You are Qwen, a virtual human developed by the Qwen Team, Alibaba Group, capable of perceiving auditory and visual inputs, as well as generating text and speech.'
/home/gaofeng/OmniZip/qwen-omni-utils/src/qwen_omni_utils/v2_5/audio_process.py:85: UserWarning: PySoundFile failed. Trying audioread instead.
  librosa.load(
/home/gaofeng/anaconda3/envs/omnizip/lib/python3.10/site-packages/librosa/core/audio.py:184: FutureWarning: librosa.core.audio.__audioread_load
	Deprecated as of librosa version 0.10.0.
	It will be removed in librosa version 1.0.
  y, sr_native = __audioread_load(path, offset, duration, dtype)
WARNING:root:System prompt modified, audio output may not work as expected. Audio output mode only works when using default system prompt 'You are Qwen, a virtual human developed by the Qwen Team, Alibaba Group, capable of perceiving auditory and visual inputs, as well as generating text and speech.'
/home/gaofeng/OmniZip/qwen-omni-utils/src/qwen_omni_utils/v2_5/audio_process.py:85: UserWarning: PySoundFile failed. Trying audioread instead.
  librosa.load(
/home/gaofeng/anaconda3/envs/omnizip/lib/python3.10/site-packages/librosa/core/audio.py:184: FutureWarning: librosa.core.audio.__audioread_load
	Deprecated as of librosa version 0.10.0.
	It will be removed in librosa version 1.0.
  y, sr_native = __audioread_load(path, offset, duration, dtype)
WARNING:root:System prompt modified, audio output may not work as expected. Audio output mode only works when using default system prompt 'You are Qwen, a virtual human developed by the Qwen Team, Alibaba Group, capable of perceiving auditory and visual inputs, as well as generating text and speech.'
/home/gaofeng/OmniZip/qwen-omni-utils/src/qwen_omni_utils/v2_5/audio_process.py:85: UserWarning: PySoundFile failed. Trying audioread instead.
  librosa.load(
/home/gaofeng/anaconda3/envs/omnizip/lib/python3.10/site-packages/librosa/core/audio.py:184: FutureWarning: librosa.core.audio.__audioread_load
	Deprecated as of librosa version 0.10.0.
	It will be removed in librosa version 1.0.
  y, sr_native = __audioread_load(path, offset, duration, dtype)
Unused or unrecognized kwargs: return_tensors, images.
Unused or unrecognized kwargs: return_tensors, images.
Unused or unrecognized kwargs: return_tensors, images.
WARNING:root:System prompt modified, audio output may not work as expected. Audio output mode only works when using default system prompt 'You are Qwen, a virtual human developed by the Qwen Team, Alibaba Group, capable of perceiving auditory and visual inputs, as well as generating text and speech.'
/home/gaofeng/OmniZip/qwen-omni-utils/src/qwen_omni_utils/v2_5/audio_process.py:85: UserWarning: PySoundFile failed. Trying audioread instead.
  librosa.load(
/home/gaofeng/anaconda3/envs/omnizip/lib/python3.10/site-packages/librosa/core/audio.py:184: FutureWarning: librosa.core.audio.__audioread_load
	Deprecated as of librosa version 0.10.0.
	It will be removed in librosa version 1.0.
  y, sr_native = __audioread_load(path, offset, duration, dtype)
Unused or unrecognized kwargs: images, return_tensors.
Unused or unrecognized kwargs: return_tensors, images.
WARNING:root:System prompt modified, audio output may not work as expected. Audio output mode only works when using default system prompt 'You are Qwen, a virtual human developed by the Qwen Team, Alibaba Group, capable of perceiving auditory and visual inputs, as well as generating text and speech.'
/home/gaofeng/OmniZip/qwen-omni-utils/src/qwen_omni_utils/v2_5/audio_process.py:85: UserWarning: PySoundFile failed. Trying audioread instead.
  librosa.load(
/home/gaofeng/anaconda3/envs/omnizip/lib/python3.10/site-packages/librosa/core/audio.py:184: FutureWarning: librosa.core.audio.__audioread_load
	Deprecated as of librosa version 0.10.0.
	It will be removed in librosa version 1.0.
  y, sr_native = __audioread_load(path, offset, duration, dtype)
Token indices sequence length is longer than the specified maximum sequence length for this model (62907 > 32768). Running this sequence through the model will result in indexing errors
WARNING:root:System prompt modified, audio output may not work as expected. Audio output mode only works when using default system prompt 'You are Qwen, a virtual human developed by the Qwen Team, Alibaba Group, capable of perceiving auditory and visual inputs, as well as generating text and speech.'
/home/gaofeng/OmniZip/qwen-omni-utils/src/qwen_omni_utils/v2_5/audio_process.py:85: UserWarning: PySoundFile failed. Trying audioread instead.
  librosa.load(
/home/gaofeng/anaconda3/envs/omnizip/lib/python3.10/site-packages/librosa/core/audio.py:184: FutureWarning: librosa.core.audio.__audioread_load
	Deprecated as of librosa version 0.10.0.
	It will be removed in librosa version 1.0.
  y, sr_native = __audioread_load(path, offset, duration, dtype)
Unused or unrecognized kwargs: return_tensors, images.
WARNING:root:System prompt modified, audio output may not work as expected. Audio output mode only works when using default system prompt 'You are Qwen, a virtual human developed by the Qwen Team, Alibaba Group, capable of perceiving auditory and visual inputs, as well as generating text and speech.'
/home/gaofeng/OmniZip/qwen-omni-utils/src/qwen_omni_utils/v2_5/audio_process.py:85: UserWarning: PySoundFile failed. Trying audioread instead.
  librosa.load(
/home/gaofeng/anaconda3/envs/omnizip/lib/python3.10/site-packages/librosa/core/audio.py:184: FutureWarning: librosa.core.audio.__audioread_load
	Deprecated as of librosa version 0.10.0.
	It will be removed in librosa version 1.0.
  y, sr_native = __audioread_load(path, offset, duration, dtype)
Unused or unrecognized kwargs: return_tensors, images.
WARNING:root:System prompt modified, audio output may not work as expected. Audio output mode only works when using default system prompt 'You are Qwen, a virtual human developed by the Qwen Team, Alibaba Group, capable of perceiving auditory and visual inputs, as well as generating text and speech.'
/home/gaofeng/OmniZip/qwen-omni-utils/src/qwen_omni_utils/v2_5/audio_process.py:85: UserWarning: PySoundFile failed. Trying audioread instead.
  librosa.load(
/home/gaofeng/anaconda3/envs/omnizip/lib/python3.10/site-packages/librosa/core/audio.py:184: FutureWarning: librosa.core.audio.__audioread_load
	Deprecated as of librosa version 0.10.0.
	It will be removed in librosa version 1.0.
  y, sr_native = __audioread_load(path, offset, duration, dtype)
Unused or unrecognized kwargs: images, return_tensors.
Unused or unrecognized kwargs: return_tensors, images.
Token indices sequence length is longer than the specified maximum sequence length for this model (34092 > 32768). Running this sequence through the model will result in indexing errors
WARNING:root:System prompt modified, audio output may not work as expected. Audio output mode only works when using default system prompt 'You are Qwen, a virtual human developed by the Qwen Team, Alibaba Group, capable of perceiving auditory and visual inputs, as well as generating text and speech.'
/home/gaofeng/OmniZip/qwen-omni-utils/src/qwen_omni_utils/v2_5/audio_process.py:85: UserWarning: PySoundFile failed. Trying audioread instead.
  librosa.load(
/home/gaofeng/anaconda3/envs/omnizip/lib/python3.10/site-packages/librosa/core/audio.py:184: FutureWarning: librosa.core.audio.__audioread_load
	Deprecated as of librosa version 0.10.0.
	It will be removed in librosa version 1.0.
  y, sr_native = __audioread_load(path, offset, duration, dtype)
WARNING:root:System prompt modified, audio output may not work as expected. Audio output mode only works when using default system prompt 'You are Qwen, a virtual human developed by the Qwen Team, Alibaba Group, capable of perceiving auditory and visual inputs, as well as generating text and speech.'
/home/gaofeng/OmniZip/qwen-omni-utils/src/qwen_omni_utils/v2_5/audio_process.py:85: UserWarning: PySoundFile failed. Trying audioread instead.
  librosa.load(
/home/gaofeng/anaconda3/envs/omnizip/lib/python3.10/site-packages/librosa/core/audio.py:184: FutureWarning: librosa.core.audio.__audioread_load
	Deprecated as of librosa version 0.10.0.
	It will be removed in librosa version 1.0.
  y, sr_native = __audioread_load(path, offset, duration, dtype)
WARNING:root:System prompt modified, audio output may not work as expected. Audio output mode only works when using default system prompt 'You are Qwen, a virtual human developed by the Qwen Team, Alibaba Group, capable of perceiving auditory and visual inputs, as well as generating text and speech.'
/home/gaofeng/OmniZip/qwen-omni-utils/src/qwen_omni_utils/v2_5/audio_process.py:85: UserWarning: PySoundFile failed. Trying audioread instead.
  librosa.load(
/home/gaofeng/anaconda3/envs/omnizip/lib/python3.10/site-packages/librosa/core/audio.py:184: FutureWarning: librosa.core.audio.__audioread_load
	Deprecated as of librosa version 0.10.0.
	It will be removed in librosa version 1.0.
  y, sr_native = __audioread_load(path, offset, duration, dtype)
Unused or unrecognized kwargs: return_tensors, images.
Unused or unrecognized kwargs: images, return_tensors.
WARNING:root:System prompt modified, audio output may not work as expected. Audio output mode only works when using default system prompt 'You are Qwen, a virtual human developed by the Qwen Team, Alibaba Group, capable of perceiving auditory and visual inputs, as well as generating text and speech.'
/home/gaofeng/OmniZip/qwen-omni-utils/src/qwen_omni_utils/v2_5/audio_process.py:85: UserWarning: PySoundFile failed. Trying audioread instead.
  librosa.load(
/home/gaofeng/anaconda3/envs/omnizip/lib/python3.10/site-packages/librosa/core/audio.py:184: FutureWarning: librosa.core.audio.__audioread_load
	Deprecated as of librosa version 0.10.0.
	It will be removed in librosa version 1.0.
  y, sr_native = __audioread_load(path, offset, duration, dtype)
Unused or unrecognized kwargs: return_tensors, images.
WARNING:root:System prompt modified, audio output may not work as expected. Audio output mode only works when using default system prompt 'You are Qwen, a virtual human developed by the Qwen Team, Alibaba Group, capable of perceiving auditory and visual inputs, as well as generating text and speech.'
/home/gaofeng/OmniZip/qwen-omni-utils/src/qwen_omni_utils/v2_5/audio_process.py:85: UserWarning: PySoundFile failed. Trying audioread instead.
  librosa.load(
/home/gaofeng/anaconda3/envs/omnizip/lib/python3.10/site-packages/librosa/core/audio.py:184: FutureWarning: librosa.core.audio.__audioread_load
	Deprecated as of librosa version 0.10.0.
	It will be removed in librosa version 1.0.
  y, sr_native = __audioread_load(path, offset, duration, dtype)
Unused or unrecognized kwargs: return_tensors, images.
WARNING:root:System prompt modified, audio output may not work as expected. Audio output mode only works when using default system prompt 'You are Qwen, a virtual human developed by the Qwen Team, Alibaba Group, capable of perceiving auditory and visual inputs, as well as generating text and speech.'
/home/gaofeng/OmniZip/qwen-omni-utils/src/qwen_omni_utils/v2_5/audio_process.py:85: UserWarning: PySoundFile failed. Trying audioread instead.
  librosa.load(
/home/gaofeng/anaconda3/envs/omnizip/lib/python3.10/site-packages/librosa/core/audio.py:184: FutureWarning: librosa.core.audio.__audioread_load
	Deprecated as of librosa version 0.10.0.
	It will be removed in librosa version 1.0.
  y, sr_native = __audioread_load(path, offset, duration, dtype)
WARNING:root:System prompt modified, audio output may not work as expected. Audio output mode only works when using default system prompt 'You are Qwen, a virtual human developed by the Qwen Team, Alibaba Group, capable of perceiving auditory and visual inputs, as well as generating text and speech.'
/home/gaofeng/OmniZip/qwen-omni-utils/src/qwen_omni_utils/v2_5/audio_process.py:85: UserWarning: PySoundFile failed. Trying audioread instead.
  librosa.load(
/home/gaofeng/anaconda3/envs/omnizip/lib/python3.10/site-packages/librosa/core/audio.py:184: FutureWarning: librosa.core.audio.__audioread_load
	Deprecated as of librosa version 0.10.0.
	It will be removed in librosa version 1.0.
  y, sr_native = __audioread_load(path, offset, duration, dtype)
Unused or unrecognized kwargs: images, return_tensors.
Unused or unrecognized kwargs: return_tensors, images.
WARNING:root:System prompt modified, audio output may not work as expected. Audio output mode only works when using default system prompt 'You are Qwen, a virtual human developed by the Qwen Team, Alibaba Group, capable of perceiving auditory and visual inputs, as well as generating text and speech.'
/home/gaofeng/OmniZip/qwen-omni-utils/src/qwen_omni_utils/v2_5/audio_process.py:85: UserWarning: PySoundFile failed. Trying audioread instead.
  librosa.load(
/home/gaofeng/anaconda3/envs/omnizip/lib/python3.10/site-packages/librosa/core/audio.py:184: FutureWarning: librosa.core.audio.__audioread_load
	Deprecated as of librosa version 0.10.0.
	It will be removed in librosa version 1.0.
  y, sr_native = __audioread_load(path, offset, duration, dtype)
Unused or unrecognized kwargs: return_tensors, images.
WARNING:root:System prompt modified, audio output may not work as expected. Audio output mode only works when using default system prompt 'You are Qwen, a virtual human developed by the Qwen Team, Alibaba Group, capable of perceiving auditory and visual inputs, as well as generating text and speech.'
/home/gaofeng/OmniZip/qwen-omni-utils/src/qwen_omni_utils/v2_5/audio_process.py:85: UserWarning: PySoundFile failed. Trying audioread instead.
  librosa.load(
/home/gaofeng/anaconda3/envs/omnizip/lib/python3.10/site-packages/librosa/core/audio.py:184: FutureWarning: librosa.core.audio.__audioread_load
	Deprecated as of librosa version 0.10.0.
	It will be removed in librosa version 1.0.
  y, sr_native = __audioread_load(path, offset, duration, dtype)
Unused or unrecognized kwargs: return_tensors, images.
WARNING:root:System prompt modified, audio output may not work as expected. Audio output mode only works when using default system prompt 'You are Qwen, a virtual human developed by the Qwen Team, Alibaba Group, capable of perceiving auditory and visual inputs, as well as generating text and speech.'
/home/gaofeng/OmniZip/qwen-omni-utils/src/qwen_omni_utils/v2_5/audio_process.py:85: UserWarning: PySoundFile failed. Trying audioread instead.
  librosa.load(
/home/gaofeng/anaconda3/envs/omnizip/lib/python3.10/site-packages/librosa/core/audio.py:184: FutureWarning: librosa.core.audio.__audioread_load
	Deprecated as of librosa version 0.10.0.
	It will be removed in librosa version 1.0.
  y, sr_native = __audioread_load(path, offset, duration, dtype)
Unused or unrecognized kwargs: return_tensors, images.
Unused or unrecognized kwargs: images, return_tensors.
WARNING:root:System prompt modified, audio output may not work as expected. Audio output mode only works when using default system prompt 'You are Qwen, a virtual human developed by the Qwen Team, Alibaba Group, capable of perceiving auditory and visual inputs, as well as generating text and speech.'
/home/gaofeng/OmniZip/qwen-omni-utils/src/qwen_omni_utils/v2_5/audio_process.py:85: UserWarning: PySoundFile failed. Trying audioread instead.
  librosa.load(
/home/gaofeng/anaconda3/envs/omnizip/lib/python3.10/site-packages/librosa/core/audio.py:184: FutureWarning: librosa.core.audio.__audioread_load
	Deprecated as of librosa version 0.10.0.
	It will be removed in librosa version 1.0.
  y, sr_native = __audioread_load(path, offset, duration, dtype)
WARNING:root:System prompt modified, audio output may not work as expected. Audio output mode only works when using default system prompt 'You are Qwen, a virtual human developed by the Qwen Team, Alibaba Group, capable of perceiving auditory and visual inputs, as well as generating text and speech.'
/home/gaofeng/OmniZip/qwen-omni-utils/src/qwen_omni_utils/v2_5/audio_process.py:85: UserWarning: PySoundFile failed. Trying audioread instead.
  librosa.load(
/home/gaofeng/anaconda3/envs/omnizip/lib/python3.10/site-packages/librosa/core/audio.py:184: FutureWarning: librosa.core.audio.__audioread_load
	Deprecated as of librosa version 0.10.0.
	It will be removed in librosa version 1.0.
  y, sr_native = __audioread_load(path, offset, duration, dtype)
Unused or unrecognized kwargs: return_tensors, images.
WARNING:root:System prompt modified, audio output may not work as expected. Audio output mode only works when using default system prompt 'You are Qwen, a virtual human developed by the Qwen Team, Alibaba Group, capable of perceiving auditory and visual inputs, as well as generating text and speech.'
/home/gaofeng/OmniZip/qwen-omni-utils/src/qwen_omni_utils/v2_5/audio_process.py:85: UserWarning: PySoundFile failed. Trying audioread instead.
  librosa.load(
/home/gaofeng/anaconda3/envs/omnizip/lib/python3.10/site-packages/librosa/core/audio.py:184: FutureWarning: librosa.core.audio.__audioread_load
	Deprecated as of librosa version 0.10.0.
	It will be removed in librosa version 1.0.
  y, sr_native = __audioread_load(path, offset, duration, dtype)
Unused or unrecognized kwargs: return_tensors, images.
WARNING:root:System prompt modified, audio output may not work as expected. Audio output mode only works when using default system prompt 'You are Qwen, a virtual human developed by the Qwen Team, Alibaba Group, capable of perceiving auditory and visual inputs, as well as generating text and speech.'
/home/gaofeng/OmniZip/qwen-omni-utils/src/qwen_omni_utils/v2_5/audio_process.py:85: UserWarning: PySoundFile failed. Trying audioread instead.
  librosa.load(
/home/gaofeng/anaconda3/envs/omnizip/lib/python3.10/site-packages/librosa/core/audio.py:184: FutureWarning: librosa.core.audio.__audioread_load
	Deprecated as of librosa version 0.10.0.
	It will be removed in librosa version 1.0.
  y, sr_native = __audioread_load(path, offset, duration, dtype)
Unused or unrecognized kwargs: images, return_tensors.
WARNING:root:System prompt modified, audio output may not work as expected. Audio output mode only works when using default system prompt 'You are Qwen, a virtual human developed by the Qwen Team, Alibaba Group, capable of perceiving auditory and visual inputs, as well as generating text and speech.'
/home/gaofeng/OmniZip/qwen-omni-utils/src/qwen_omni_utils/v2_5/audio_process.py:85: UserWarning: PySoundFile failed. Trying audioread instead.
  librosa.load(
/home/gaofeng/anaconda3/envs/omnizip/lib/python3.10/site-packages/librosa/core/audio.py:184: FutureWarning: librosa.core.audio.__audioread_load
	Deprecated as of librosa version 0.10.0.
	It will be removed in librosa version 1.0.
  y, sr_native = __audioread_load(path, offset, duration, dtype)
WARNING:root:System prompt modified, audio output may not work as expected. Audio output mode only works when using default system prompt 'You are Qwen, a virtual human developed by the Qwen Team, Alibaba Group, capable of perceiving auditory and visual inputs, as well as generating text and speech.'
/home/gaofeng/OmniZip/qwen-omni-utils/src/qwen_omni_utils/v2_5/audio_process.py:85: UserWarning: PySoundFile failed. Trying audioread instead.
  librosa.load(
/home/gaofeng/anaconda3/envs/omnizip/lib/python3.10/site-packages/librosa/core/audio.py:184: FutureWarning: librosa.core.audio.__audioread_load
	Deprecated as of librosa version 0.10.0.
	It will be removed in librosa version 1.0.
  y, sr_native = __audioread_load(path, offset, duration, dtype)
Unused or unrecognized kwargs: return_tensors, images.
Unused or unrecognized kwargs: return_tensors, images.
Unused or unrecognized kwargs: return_tensors, images.
WARNING:root:System prompt modified, audio output may not work as expected. Audio output mode only works when using default system prompt 'You are Qwen, a virtual human developed by the Qwen Team, Alibaba Group, capable of perceiving auditory and visual inputs, as well as generating text and speech.'
/home/gaofeng/OmniZip/qwen-omni-utils/src/qwen_omni_utils/v2_5/audio_process.py:85: UserWarning: PySoundFile failed. Trying audioread instead.
  librosa.load(
/home/gaofeng/anaconda3/envs/omnizip/lib/python3.10/site-packages/librosa/core/audio.py:184: FutureWarning: librosa.core.audio.__audioread_load
	Deprecated as of librosa version 0.10.0.
	It will be removed in librosa version 1.0.
  y, sr_native = __audioread_load(path, offset, duration, dtype)
WARNING:root:System prompt modified, audio output may not work as expected. Audio output mode only works when using default system prompt 'You are Qwen, a virtual human developed by the Qwen Team, Alibaba Group, capable of perceiving auditory and visual inputs, as well as generating text and speech.'
/home/gaofeng/OmniZip/qwen-omni-utils/src/qwen_omni_utils/v2_5/audio_process.py:85: UserWarning: PySoundFile failed. Trying audioread instead.
  librosa.load(
/home/gaofeng/anaconda3/envs/omnizip/lib/python3.10/site-packages/librosa/core/audio.py:184: FutureWarning: librosa.core.audio.__audioread_load
	Deprecated as of librosa version 0.10.0.
	It will be removed in librosa version 1.0.
  y, sr_native = __audioread_load(path, offset, duration, dtype)
WARNING:root:System prompt modified, audio output may not work as expected. Audio output mode only works when using default system prompt 'You are Qwen, a virtual human developed by the Qwen Team, Alibaba Group, capable of perceiving auditory and visual inputs, as well as generating text and speech.'
/home/gaofeng/OmniZip/qwen-omni-utils/src/qwen_omni_utils/v2_5/audio_process.py:85: UserWarning: PySoundFile failed. Trying audioread instead.
  librosa.load(
/home/gaofeng/anaconda3/envs/omnizip/lib/python3.10/site-packages/librosa/core/audio.py:184: FutureWarning: librosa.core.audio.__audioread_load
	Deprecated as of librosa version 0.10.0.
	It will be removed in librosa version 1.0.
  y, sr_native = __audioread_load(path, offset, duration, dtype)
WARNING:root:System prompt modified, audio output may not work as expected. Audio output mode only works when using default system prompt 'You are Qwen, a virtual human developed by the Qwen Team, Alibaba Group, capable of perceiving auditory and visual inputs, as well as generating text and speech.'
/home/gaofeng/OmniZip/qwen-omni-utils/src/qwen_omni_utils/v2_5/audio_process.py:85: UserWarning: PySoundFile failed. Trying audioread instead.
  librosa.load(
/home/gaofeng/anaconda3/envs/omnizip/lib/python3.10/site-packages/librosa/core/audio.py:184: FutureWarning: librosa.core.audio.__audioread_load
	Deprecated as of librosa version 0.10.0.
	It will be removed in librosa version 1.0.
  y, sr_native = __audioread_load(path, offset, duration, dtype)
Unused or unrecognized kwargs: return_tensors, images.
Unused or unrecognized kwargs: return_tensors, images.
Unused or unrecognized kwargs: return_tensors, images.
WARNING:root:System prompt modified, audio output may not work as expected. Audio output mode only works when using default system prompt 'You are Qwen, a virtual human developed by the Qwen Team, Alibaba Group, capable of perceiving auditory and visual inputs, as well as generating text and speech.'
/home/gaofeng/OmniZip/qwen-omni-utils/src/qwen_omni_utils/v2_5/audio_process.py:85: UserWarning: PySoundFile failed. Trying audioread instead.
  librosa.load(
/home/gaofeng/anaconda3/envs/omnizip/lib/python3.10/site-packages/librosa/core/audio.py:184: FutureWarning: librosa.core.audio.__audioread_load
	Deprecated as of librosa version 0.10.0.
	It will be removed in librosa version 1.0.
  y, sr_native = __audioread_load(path, offset, duration, dtype)
WARNING:root:System prompt modified, audio output may not work as expected. Audio output mode only works when using default system prompt 'You are Qwen, a virtual human developed by the Qwen Team, Alibaba Group, capable of perceiving auditory and visual inputs, as well as generating text and speech.'
/home/gaofeng/OmniZip/qwen-omni-utils/src/qwen_omni_utils/v2_5/audio_process.py:85: UserWarning: PySoundFile failed. Trying audioread instead.
  librosa.load(
/home/gaofeng/anaconda3/envs/omnizip/lib/python3.10/site-packages/librosa/core/audio.py:184: FutureWarning: librosa.core.audio.__audioread_load
	Deprecated as of librosa version 0.10.0.
	It will be removed in librosa version 1.0.
  y, sr_native = __audioread_load(path, offset, duration, dtype)
Unused or unrecognized kwargs: images, return_tensors.
Unused or unrecognized kwargs: return_tensors, images.
WARNING:root:System prompt modified, audio output may not work as expected. Audio output mode only works when using default system prompt 'You are Qwen, a virtual human developed by the Qwen Team, Alibaba Group, capable of perceiving auditory and visual inputs, as well as generating text and speech.'
/home/gaofeng/OmniZip/qwen-omni-utils/src/qwen_omni_utils/v2_5/audio_process.py:85: UserWarning: PySoundFile failed. Trying audioread instead.
  librosa.load(
/home/gaofeng/anaconda3/envs/omnizip/lib/python3.10/site-packages/librosa/core/audio.py:184: FutureWarning: librosa.core.audio.__audioread_load
	Deprecated as of librosa version 0.10.0.
	It will be removed in librosa version 1.0.
  y, sr_native = __audioread_load(path, offset, duration, dtype)
Unused or unrecognized kwargs: return_tensors, images.
Token indices sequence length is longer than the specified maximum sequence length for this model (53702 > 32768). Running this sequence through the model will result in indexing errors
Unused or unrecognized kwargs: return_tensors, images.
WARNING:root:System prompt modified, audio output may not work as expected. Audio output mode only works when using default system prompt 'You are Qwen, a virtual human developed by the Qwen Team, Alibaba Group, capable of perceiving auditory and visual inputs, as well as generating text and speech.'
/home/gaofeng/OmniZip/qwen-omni-utils/src/qwen_omni_utils/v2_5/audio_process.py:85: UserWarning: PySoundFile failed. Trying audioread instead.
  librosa.load(
/home/gaofeng/anaconda3/envs/omnizip/lib/python3.10/site-packages/librosa/core/audio.py:184: FutureWarning: librosa.core.audio.__audioread_load
	Deprecated as of librosa version 0.10.0.
	It will be removed in librosa version 1.0.
  y, sr_native = __audioread_load(path, offset, duration, dtype)
WARNING:root:System prompt modified, audio output may not work as expected. Audio output mode only works when using default system prompt 'You are Qwen, a virtual human developed by the Qwen Team, Alibaba Group, capable of perceiving auditory and visual inputs, as well as generating text and speech.'
/home/gaofeng/OmniZip/qwen-omni-utils/src/qwen_omni_utils/v2_5/audio_process.py:85: UserWarning: PySoundFile failed. Trying audioread instead.
  librosa.load(
/home/gaofeng/anaconda3/envs/omnizip/lib/python3.10/site-packages/librosa/core/audio.py:184: FutureWarning: librosa.core.audio.__audioread_load
	Deprecated as of librosa version 0.10.0.
	It will be removed in librosa version 1.0.
  y, sr_native = __audioread_load(path, offset, duration, dtype)
Unused or unrecognized kwargs: return_tensors, images.
Unused or unrecognized kwargs: return_tensors, images.
WARNING:root:System prompt modified, audio output may not work as expected. Audio output mode only works when using default system prompt 'You are Qwen, a virtual human developed by the Qwen Team, Alibaba Group, capable of perceiving auditory and visual inputs, as well as generating text and speech.'
/home/gaofeng/OmniZip/qwen-omni-utils/src/qwen_omni_utils/v2_5/audio_process.py:85: UserWarning: PySoundFile failed. Trying audioread instead.
  librosa.load(
/home/gaofeng/anaconda3/envs/omnizip/lib/python3.10/site-packages/librosa/core/audio.py:184: FutureWarning: librosa.core.audio.__audioread_load
	Deprecated as of librosa version 0.10.0.
	It will be removed in librosa version 1.0.
  y, sr_native = __audioread_load(path, offset, duration, dtype)
WARNING:root:System prompt modified, audio output may not work as expected. Audio output mode only works when using default system prompt 'You are Qwen, a virtual human developed by the Qwen Team, Alibaba Group, capable of perceiving auditory and visual inputs, as well as generating text and speech.'
/home/gaofeng/OmniZip/qwen-omni-utils/src/qwen_omni_utils/v2_5/audio_process.py:85: UserWarning: PySoundFile failed. Trying audioread instead.
  librosa.load(
/home/gaofeng/anaconda3/envs/omnizip/lib/python3.10/site-packages/librosa/core/audio.py:184: FutureWarning: librosa.core.audio.__audioread_load
	Deprecated as of librosa version 0.10.0.
	It will be removed in librosa version 1.0.
  y, sr_native = __audioread_load(path, offset, duration, dtype)
Unused or unrecognized kwargs: return_tensors, images.
WARNING:root:System prompt modified, audio output may not work as expected. Audio output mode only works when using default system prompt 'You are Qwen, a virtual human developed by the Qwen Team, Alibaba Group, capable of perceiving auditory and visual inputs, as well as generating text and speech.'
/home/gaofeng/OmniZip/qwen-omni-utils/src/qwen_omni_utils/v2_5/audio_process.py:85: UserWarning: PySoundFile failed. Trying audioread instead.
  librosa.load(
/home/gaofeng/anaconda3/envs/omnizip/lib/python3.10/site-packages/librosa/core/audio.py:184: FutureWarning: librosa.core.audio.__audioread_load
	Deprecated as of librosa version 0.10.0.
	It will be removed in librosa version 1.0.
  y, sr_native = __audioread_load(path, offset, duration, dtype)
Unused or unrecognized kwargs: return_tensors, images.
WARNING:root:System prompt modified, audio output may not work as expected. Audio output mode only works when using default system prompt 'You are Qwen, a virtual human developed by the Qwen Team, Alibaba Group, capable of perceiving auditory and visual inputs, as well as generating text and speech.'
/home/gaofeng/OmniZip/qwen-omni-utils/src/qwen_omni_utils/v2_5/audio_process.py:85: UserWarning: PySoundFile failed. Trying audioread instead.
  librosa.load(
/home/gaofeng/anaconda3/envs/omnizip/lib/python3.10/site-packages/librosa/core/audio.py:184: FutureWarning: librosa.core.audio.__audioread_load
	Deprecated as of librosa version 0.10.0.
	It will be removed in librosa version 1.0.
  y, sr_native = __audioread_load(path, offset, duration, dtype)
WARNING:root:System prompt modified, audio output may not work as expected. Audio output mode only works when using default system prompt 'You are Qwen, a virtual human developed by the Qwen Team, Alibaba Group, capable of perceiving auditory and visual inputs, as well as generating text and speech.'
/home/gaofeng/OmniZip/qwen-omni-utils/src/qwen_omni_utils/v2_5/audio_process.py:85: UserWarning: PySoundFile failed. Trying audioread instead.
  librosa.load(
/home/gaofeng/anaconda3/envs/omnizip/lib/python3.10/site-packages/librosa/core/audio.py:184: FutureWarning: librosa.core.audio.__audioread_load
	Deprecated as of librosa version 0.10.0.
	It will be removed in librosa version 1.0.
  y, sr_native = __audioread_load(path, offset, duration, dtype)
Unused or unrecognized kwargs: images, return_tensors.
Unused or unrecognized kwargs: return_tensors, images.
Unused or unrecognized kwargs: return_tensors, images.
WARNING:root:System prompt modified, audio output may not work as expected. Audio output mode only works when using default system prompt 'You are Qwen, a virtual human developed by the Qwen Team, Alibaba Group, capable of perceiving auditory and visual inputs, as well as generating text and speech.'
/home/gaofeng/OmniZip/qwen-omni-utils/src/qwen_omni_utils/v2_5/audio_process.py:85: UserWarning: PySoundFile failed. Trying audioread instead.
  librosa.load(
/home/gaofeng/anaconda3/envs/omnizip/lib/python3.10/site-packages/librosa/core/audio.py:184: FutureWarning: librosa.core.audio.__audioread_load
	Deprecated as of librosa version 0.10.0.
	It will be removed in librosa version 1.0.
  y, sr_native = __audioread_load(path, offset, duration, dtype)
WARNING:root:System prompt modified, audio output may not work as expected. Audio output mode only works when using default system prompt 'You are Qwen, a virtual human developed by the Qwen Team, Alibaba Group, capable of perceiving auditory and visual inputs, as well as generating text and speech.'
/home/gaofeng/OmniZip/qwen-omni-utils/src/qwen_omni_utils/v2_5/audio_process.py:85: UserWarning: PySoundFile failed. Trying audioread instead.
  librosa.load(
/home/gaofeng/anaconda3/envs/omnizip/lib/python3.10/site-packages/librosa/core/audio.py:184: FutureWarning: librosa.core.audio.__audioread_load
	Deprecated as of librosa version 0.10.0.
	It will be removed in librosa version 1.0.
  y, sr_native = __audioread_load(path, offset, duration, dtype)
WARNING:root:System prompt modified, audio output may not work as expected. Audio output mode only works when using default system prompt 'You are Qwen, a virtual human developed by the Qwen Team, Alibaba Group, capable of perceiving auditory and visual inputs, as well as generating text and speech.'
/home/gaofeng/OmniZip/qwen-omni-utils/src/qwen_omni_utils/v2_5/audio_process.py:85: UserWarning: PySoundFile failed. Trying audioread instead.
  librosa.load(
/home/gaofeng/anaconda3/envs/omnizip/lib/python3.10/site-packages/librosa/core/audio.py:184: FutureWarning: librosa.core.audio.__audioread_load
	Deprecated as of librosa version 0.10.0.
	It will be removed in librosa version 1.0.
  y, sr_native = __audioread_load(path, offset, duration, dtype)
WARNING:root:System prompt modified, audio output may not work as expected. Audio output mode only works when using default system prompt 'You are Qwen, a virtual human developed by the Qwen Team, Alibaba Group, capable of perceiving auditory and visual inputs, as well as generating text and speech.'
/home/gaofeng/OmniZip/qwen-omni-utils/src/qwen_omni_utils/v2_5/audio_process.py:85: UserWarning: PySoundFile failed. Trying audioread instead.
  librosa.load(
/home/gaofeng/anaconda3/envs/omnizip/lib/python3.10/site-packages/librosa/core/audio.py:184: FutureWarning: librosa.core.audio.__audioread_load
	Deprecated as of librosa version 0.10.0.
	It will be removed in librosa version 1.0.
  y, sr_native = __audioread_load(path, offset, duration, dtype)
Unused or unrecognized kwargs: return_tensors, images.
Unused or unrecognized kwargs: images, return_tensors.
Unused or unrecognized kwargs: return_tensors, images.
Unused or unrecognized kwargs: return_tensors, images.
WARNING:root:System prompt modified, audio output may not work as expected. Audio output mode only works when using default system prompt 'You are Qwen, a virtual human developed by the Qwen Team, Alibaba Group, capable of perceiving auditory and visual inputs, as well as generating text and speech.'
/home/gaofeng/OmniZip/qwen-omni-utils/src/qwen_omni_utils/v2_5/audio_process.py:85: UserWarning: PySoundFile failed. Trying audioread instead.
  librosa.load(
/home/gaofeng/anaconda3/envs/omnizip/lib/python3.10/site-packages/librosa/core/audio.py:184: FutureWarning: librosa.core.audio.__audioread_load
	Deprecated as of librosa version 0.10.0.
	It will be removed in librosa version 1.0.
  y, sr_native = __audioread_load(path, offset, duration, dtype)
WARNING:root:System prompt modified, audio output may not work as expected. Audio output mode only works when using default system prompt 'You are Qwen, a virtual human developed by the Qwen Team, Alibaba Group, capable of perceiving auditory and visual inputs, as well as generating text and speech.'
/home/gaofeng/OmniZip/qwen-omni-utils/src/qwen_omni_utils/v2_5/audio_process.py:85: UserWarning: PySoundFile failed. Trying audioread instead.
  librosa.load(
/home/gaofeng/anaconda3/envs/omnizip/lib/python3.10/site-packages/librosa/core/audio.py:184: FutureWarning: librosa.core.audio.__audioread_load
	Deprecated as of librosa version 0.10.0.
	It will be removed in librosa version 1.0.
  y, sr_native = __audioread_load(path, offset, duration, dtype)
WARNING:root:System prompt modified, audio output may not work as expected. Audio output mode only works when using default system prompt 'You are Qwen, a virtual human developed by the Qwen Team, Alibaba Group, capable of perceiving auditory and visual inputs, as well as generating text and speech.'
/home/gaofeng/OmniZip/qwen-omni-utils/src/qwen_omni_utils/v2_5/audio_process.py:85: UserWarning: PySoundFile failed. Trying audioread instead.
  librosa.load(
/home/gaofeng/anaconda3/envs/omnizip/lib/python3.10/site-packages/librosa/core/audio.py:184: FutureWarning: librosa.core.audio.__audioread_load
	Deprecated as of librosa version 0.10.0.
	It will be removed in librosa version 1.0.
  y, sr_native = __audioread_load(path, offset, duration, dtype)
Unused or unrecognized kwargs: return_tensors, images.
Unused or unrecognized kwargs: return_tensors, images.
Unused or unrecognized kwargs: images, return_tensors.
WARNING:root:System prompt modified, audio output may not work as expected. Audio output mode only works when using default system prompt 'You are Qwen, a virtual human developed by the Qwen Team, Alibaba Group, capable of perceiving auditory and visual inputs, as well as generating text and speech.'
/home/gaofeng/OmniZip/qwen-omni-utils/src/qwen_omni_utils/v2_5/audio_process.py:85: UserWarning: PySoundFile failed. Trying audioread instead.
  librosa.load(
/home/gaofeng/anaconda3/envs/omnizip/lib/python3.10/site-packages/librosa/core/audio.py:184: FutureWarning: librosa.core.audio.__audioread_load
	Deprecated as of librosa version 0.10.0.
	It will be removed in librosa version 1.0.
  y, sr_native = __audioread_load(path, offset, duration, dtype)
WARNING:root:System prompt modified, audio output may not work as expected. Audio output mode only works when using default system prompt 'You are Qwen, a virtual human developed by the Qwen Team, Alibaba Group, capable of perceiving auditory and visual inputs, as well as generating text and speech.'
/home/gaofeng/OmniZip/qwen-omni-utils/src/qwen_omni_utils/v2_5/audio_process.py:85: UserWarning: PySoundFile failed. Trying audioread instead.
  librosa.load(
/home/gaofeng/anaconda3/envs/omnizip/lib/python3.10/site-packages/librosa/core/audio.py:184: FutureWarning: librosa.core.audio.__audioread_load
	Deprecated as of librosa version 0.10.0.
	It will be removed in librosa version 1.0.
  y, sr_native = __audioread_load(path, offset, duration, dtype)
Unused or unrecognized kwargs: return_tensors, images.
WARNING:root:System prompt modified, audio output may not work as expected. Audio output mode only works when using default system prompt 'You are Qwen, a virtual human developed by the Qwen Team, Alibaba Group, capable of perceiving auditory and visual inputs, as well as generating text and speech.'
/home/gaofeng/OmniZip/qwen-omni-utils/src/qwen_omni_utils/v2_5/audio_process.py:85: UserWarning: PySoundFile failed. Trying audioread instead.
  librosa.load(
/home/gaofeng/anaconda3/envs/omnizip/lib/python3.10/site-packages/librosa/core/audio.py:184: FutureWarning: librosa.core.audio.__audioread_load
	Deprecated as of librosa version 0.10.0.
	It will be removed in librosa version 1.0.
  y, sr_native = __audioread_load(path, offset, duration, dtype)
Unused or unrecognized kwargs: return_tensors, images.
WARNING:root:System prompt modified, audio output may not work as expected. Audio output mode only works when using default system prompt 'You are Qwen, a virtual human developed by the Qwen Team, Alibaba Group, capable of perceiving auditory and visual inputs, as well as generating text and speech.'
/home/gaofeng/OmniZip/qwen-omni-utils/src/qwen_omni_utils/v2_5/audio_process.py:85: UserWarning: PySoundFile failed. Trying audioread instead.
  librosa.load(
/home/gaofeng/anaconda3/envs/omnizip/lib/python3.10/site-packages/librosa/core/audio.py:184: FutureWarning: librosa.core.audio.__audioread_load
	Deprecated as of librosa version 0.10.0.
	It will be removed in librosa version 1.0.
  y, sr_native = __audioread_load(path, offset, duration, dtype)
WARNING:root:System prompt modified, audio output may not work as expected. Audio output mode only works when using default system prompt 'You are Qwen, a virtual human developed by the Qwen Team, Alibaba Group, capable of perceiving auditory and visual inputs, as well as generating text and speech.'
/home/gaofeng/OmniZip/qwen-omni-utils/src/qwen_omni_utils/v2_5/audio_process.py:85: UserWarning: PySoundFile failed. Trying audioread instead.
  librosa.load(
/home/gaofeng/anaconda3/envs/omnizip/lib/python3.10/site-packages/librosa/core/audio.py:184: FutureWarning: librosa.core.audio.__audioread_load
	Deprecated as of librosa version 0.10.0.
	It will be removed in librosa version 1.0.
  y, sr_native = __audioread_load(path, offset, duration, dtype)
Unused or unrecognized kwargs: return_tensors, images.
WARNING:root:System prompt modified, audio output may not work as expected. Audio output mode only works when using default system prompt 'You are Qwen, a virtual human developed by the Qwen Team, Alibaba Group, capable of perceiving auditory and visual inputs, as well as generating text and speech.'
/home/gaofeng/OmniZip/qwen-omni-utils/src/qwen_omni_utils/v2_5/audio_process.py:85: UserWarning: PySoundFile failed. Trying audioread instead.
  librosa.load(
/home/gaofeng/anaconda3/envs/omnizip/lib/python3.10/site-packages/librosa/core/audio.py:184: FutureWarning: librosa.core.audio.__audioread_load
	Deprecated as of librosa version 0.10.0.
	It will be removed in librosa version 1.0.
  y, sr_native = __audioread_load(path, offset, duration, dtype)
Unused or unrecognized kwargs: return_tensors, images.
Unused or unrecognized kwargs: images, return_tensors.
WARNING:root:System prompt modified, audio output may not work as expected. Audio output mode only works when using default system prompt 'You are Qwen, a virtual human developed by the Qwen Team, Alibaba Group, capable of perceiving auditory and visual inputs, as well as generating text and speech.'
/home/gaofeng/OmniZip/qwen-omni-utils/src/qwen_omni_utils/v2_5/audio_process.py:85: UserWarning: PySoundFile failed. Trying audioread instead.
  librosa.load(
/home/gaofeng/anaconda3/envs/omnizip/lib/python3.10/site-packages/librosa/core/audio.py:184: FutureWarning: librosa.core.audio.__audioread_load
	Deprecated as of librosa version 0.10.0.
	It will be removed in librosa version 1.0.
  y, sr_native = __audioread_load(path, offset, duration, dtype)
WARNING:root:System prompt modified, audio output may not work as expected. Audio output mode only works when using default system prompt 'You are Qwen, a virtual human developed by the Qwen Team, Alibaba Group, capable of perceiving auditory and visual inputs, as well as generating text and speech.'
/home/gaofeng/OmniZip/qwen-omni-utils/src/qwen_omni_utils/v2_5/audio_process.py:85: UserWarning: PySoundFile failed. Trying audioread instead.
  librosa.load(
/home/gaofeng/anaconda3/envs/omnizip/lib/python3.10/site-packages/librosa/core/audio.py:184: FutureWarning: librosa.core.audio.__audioread_load
	Deprecated as of librosa version 0.10.0.
	It will be removed in librosa version 1.0.
  y, sr_native = __audioread_load(path, offset, duration, dtype)
Unused or unrecognized kwargs: return_tensors, images.
Unused or unrecognized kwargs: return_tensors, images.
WARNING:root:System prompt modified, audio output may not work as expected. Audio output mode only works when using default system prompt 'You are Qwen, a virtual human developed by the Qwen Team, Alibaba Group, capable of perceiving auditory and visual inputs, as well as generating text and speech.'
/home/gaofeng/OmniZip/qwen-omni-utils/src/qwen_omni_utils/v2_5/audio_process.py:85: UserWarning: PySoundFile failed. Trying audioread instead.
  librosa.load(
/home/gaofeng/anaconda3/envs/omnizip/lib/python3.10/site-packages/librosa/core/audio.py:184: FutureWarning: librosa.core.audio.__audioread_load
	Deprecated as of librosa version 0.10.0.
	It will be removed in librosa version 1.0.
  y, sr_native = __audioread_load(path, offset, duration, dtype)
WARNING:root:System prompt modified, audio output may not work as expected. Audio output mode only works when using default system prompt 'You are Qwen, a virtual human developed by the Qwen Team, Alibaba Group, capable of perceiving auditory and visual inputs, as well as generating text and speech.'
/home/gaofeng/OmniZip/qwen-omni-utils/src/qwen_omni_utils/v2_5/audio_process.py:85: UserWarning: PySoundFile failed. Trying audioread instead.
  librosa.load(
/home/gaofeng/anaconda3/envs/omnizip/lib/python3.10/site-packages/librosa/core/audio.py:184: FutureWarning: librosa.core.audio.__audioread_load
	Deprecated as of librosa version 0.10.0.
	It will be removed in librosa version 1.0.
  y, sr_native = __audioread_load(path, offset, duration, dtype)
Unused or unrecognized kwargs: return_tensors, images.
Unused or unrecognized kwargs: return_tensors, images.
WARNING:root:System prompt modified, audio output may not work as expected. Audio output mode only works when using default system prompt 'You are Qwen, a virtual human developed by the Qwen Team, Alibaba Group, capable of perceiving auditory and visual inputs, as well as generating text and speech.'
/home/gaofeng/OmniZip/qwen-omni-utils/src/qwen_omni_utils/v2_5/audio_process.py:85: UserWarning: PySoundFile failed. Trying audioread instead.
  librosa.load(
/home/gaofeng/anaconda3/envs/omnizip/lib/python3.10/site-packages/librosa/core/audio.py:184: FutureWarning: librosa.core.audio.__audioread_load
	Deprecated as of librosa version 0.10.0.
	It will be removed in librosa version 1.0.
  y, sr_native = __audioread_load(path, offset, duration, dtype)
Unused or unrecognized kwargs: return_tensors, images.
WARNING:root:System prompt modified, audio output may not work as expected. Audio output mode only works when using default system prompt 'You are Qwen, a virtual human developed by the Qwen Team, Alibaba Group, capable of perceiving auditory and visual inputs, as well as generating text and speech.'
/home/gaofeng/OmniZip/qwen-omni-utils/src/qwen_omni_utils/v2_5/audio_process.py:85: UserWarning: PySoundFile failed. Trying audioread instead.
  librosa.load(
/home/gaofeng/anaconda3/envs/omnizip/lib/python3.10/site-packages/librosa/core/audio.py:184: FutureWarning: librosa.core.audio.__audioread_load
	Deprecated as of librosa version 0.10.0.
	It will be removed in librosa version 1.0.
  y, sr_native = __audioread_load(path, offset, duration, dtype)
Unused or unrecognized kwargs: return_tensors, images.
WARNING:root:System prompt modified, audio output may not work as expected. Audio output mode only works when using default system prompt 'You are Qwen, a virtual human developed by the Qwen Team, Alibaba Group, capable of perceiving auditory and visual inputs, as well as generating text and speech.'
/home/gaofeng/OmniZip/qwen-omni-utils/src/qwen_omni_utils/v2_5/audio_process.py:85: UserWarning: PySoundFile failed. Trying audioread instead.
  librosa.load(
/home/gaofeng/anaconda3/envs/omnizip/lib/python3.10/site-packages/librosa/core/audio.py:184: FutureWarning: librosa.core.audio.__audioread_load
	Deprecated as of librosa version 0.10.0.
	It will be removed in librosa version 1.0.
  y, sr_native = __audioread_load(path, offset, duration, dtype)
WARNING:root:System prompt modified, audio output may not work as expected. Audio output mode only works when using default system prompt 'You are Qwen, a virtual human developed by the Qwen Team, Alibaba Group, capable of perceiving auditory and visual inputs, as well as generating text and speech.'
/home/gaofeng/OmniZip/qwen-omni-utils/src/qwen_omni_utils/v2_5/audio_process.py:85: UserWarning: PySoundFile failed. Trying audioread instead.
  librosa.load(
/home/gaofeng/anaconda3/envs/omnizip/lib/python3.10/site-packages/librosa/core/audio.py:184: FutureWarning: librosa.core.audio.__audioread_load
	Deprecated as of librosa version 0.10.0.
	It will be removed in librosa version 1.0.
  y, sr_native = __audioread_load(path, offset, duration, dtype)
Unused or unrecognized kwargs: return_tensors, images.
Unused or unrecognized kwargs: images, return_tensors.
Unused or unrecognized kwargs: return_tensors, images.
WARNING:root:System prompt modified, audio output may not work as expected. Audio output mode only works when using default system prompt 'You are Qwen, a virtual human developed by the Qwen Team, Alibaba Group, capable of perceiving auditory and visual inputs, as well as generating text and speech.'
/home/gaofeng/OmniZip/qwen-omni-utils/src/qwen_omni_utils/v2_5/audio_process.py:85: UserWarning: PySoundFile failed. Trying audioread instead.
  librosa.load(
/home/gaofeng/anaconda3/envs/omnizip/lib/python3.10/site-packages/librosa/core/audio.py:184: FutureWarning: librosa.core.audio.__audioread_load
	Deprecated as of librosa version 0.10.0.
	It will be removed in librosa version 1.0.
  y, sr_native = __audioread_load(path, offset, duration, dtype)
Unused or unrecognized kwargs: return_tensors, images.
WARNING:root:System prompt modified, audio output may not work as expected. Audio output mode only works when using default system prompt 'You are Qwen, a virtual human developed by the Qwen Team, Alibaba Group, capable of perceiving auditory and visual inputs, as well as generating text and speech.'
/home/gaofeng/OmniZip/qwen-omni-utils/src/qwen_omni_utils/v2_5/audio_process.py:85: UserWarning: PySoundFile failed. Trying audioread instead.
  librosa.load(
/home/gaofeng/anaconda3/envs/omnizip/lib/python3.10/site-packages/librosa/core/audio.py:184: FutureWarning: librosa.core.audio.__audioread_load
	Deprecated as of librosa version 0.10.0.
	It will be removed in librosa version 1.0.
  y, sr_native = __audioread_load(path, offset, duration, dtype)
WARNING:root:System prompt modified, audio output may not work as expected. Audio output mode only works when using default system prompt 'You are Qwen, a virtual human developed by the Qwen Team, Alibaba Group, capable of perceiving auditory and visual inputs, as well as generating text and speech.'
/home/gaofeng/OmniZip/qwen-omni-utils/src/qwen_omni_utils/v2_5/audio_process.py:85: UserWarning: PySoundFile failed. Trying audioread instead.
  librosa.load(
/home/gaofeng/anaconda3/envs/omnizip/lib/python3.10/site-packages/librosa/core/audio.py:184: FutureWarning: librosa.core.audio.__audioread_load
	Deprecated as of librosa version 0.10.0.
	It will be removed in librosa version 1.0.
  y, sr_native = __audioread_load(path, offset, duration, dtype)
WARNING:root:System prompt modified, audio output may not work as expected. Audio output mode only works when using default system prompt 'You are Qwen, a virtual human developed by the Qwen Team, Alibaba Group, capable of perceiving auditory and visual inputs, as well as generating text and speech.'
/home/gaofeng/OmniZip/qwen-omni-utils/src/qwen_omni_utils/v2_5/audio_process.py:85: UserWarning: PySoundFile failed. Trying audioread instead.
  librosa.load(
/home/gaofeng/anaconda3/envs/omnizip/lib/python3.10/site-packages/librosa/core/audio.py:184: FutureWarning: librosa.core.audio.__audioread_load
	Deprecated as of librosa version 0.10.0.
	It will be removed in librosa version 1.0.
  y, sr_native = __audioread_load(path, offset, duration, dtype)
WARNING:root:System prompt modified, audio output may not work as expected. Audio output mode only works when using default system prompt 'You are Qwen, a virtual human developed by the Qwen Team, Alibaba Group, capable of perceiving auditory and visual inputs, as well as generating text and speech.'
/home/gaofeng/OmniZip/qwen-omni-utils/src/qwen_omni_utils/v2_5/audio_process.py:85: UserWarning: PySoundFile failed. Trying audioread instead.
  librosa.load(
/home/gaofeng/anaconda3/envs/omnizip/lib/python3.10/site-packages/librosa/core/audio.py:184: FutureWarning: librosa.core.audio.__audioread_load
	Deprecated as of librosa version 0.10.0.
	It will be removed in librosa version 1.0.
  y, sr_native = __audioread_load(path, offset, duration, dtype)
Unused or unrecognized kwargs: return_tensors, images.
Unused or unrecognized kwargs: return_tensors, images.
WARNING:root:System prompt modified, audio output may not work as expected. Audio output mode only works when using default system prompt 'You are Qwen, a virtual human developed by the Qwen Team, Alibaba Group, capable of perceiving auditory and visual inputs, as well as generating text and speech.'
/home/gaofeng/OmniZip/qwen-omni-utils/src/qwen_omni_utils/v2_5/audio_process.py:85: UserWarning: PySoundFile failed. Trying audioread instead.
  librosa.load(
/home/gaofeng/anaconda3/envs/omnizip/lib/python3.10/site-packages/librosa/core/audio.py:184: FutureWarning: librosa.core.audio.__audioread_load
	Deprecated as of librosa version 0.10.0.
	It will be removed in librosa version 1.0.
  y, sr_native = __audioread_load(path, offset, duration, dtype)
WARNING:root:System prompt modified, audio output may not work as expected. Audio output mode only works when using default system prompt 'You are Qwen, a virtual human developed by the Qwen Team, Alibaba Group, capable of perceiving auditory and visual inputs, as well as generating text and speech.'
/home/gaofeng/OmniZip/qwen-omni-utils/src/qwen_omni_utils/v2_5/audio_process.py:85: UserWarning: PySoundFile failed. Trying audioread instead.
  librosa.load(
/home/gaofeng/anaconda3/envs/omnizip/lib/python3.10/site-packages/librosa/core/audio.py:184: FutureWarning: librosa.core.audio.__audioread_load
	Deprecated as of librosa version 0.10.0.
	It will be removed in librosa version 1.0.
  y, sr_native = __audioread_load(path, offset, duration, dtype)
Unused or unrecognized kwargs: return_tensors, images.
Unused or unrecognized kwargs: return_tensors, images.
WARNING:root:System prompt modified, audio output may not work as expected. Audio output mode only works when using default system prompt 'You are Qwen, a virtual human developed by the Qwen Team, Alibaba Group, capable of perceiving auditory and visual inputs, as well as generating text and speech.'
/home/gaofeng/OmniZip/qwen-omni-utils/src/qwen_omni_utils/v2_5/audio_process.py:85: UserWarning: PySoundFile failed. Trying audioread instead.
  librosa.load(
/home/gaofeng/anaconda3/envs/omnizip/lib/python3.10/site-packages/librosa/core/audio.py:184: FutureWarning: librosa.core.audio.__audioread_load
	Deprecated as of librosa version 0.10.0.
	It will be removed in librosa version 1.0.
  y, sr_native = __audioread_load(path, offset, duration, dtype)
Unused or unrecognized kwargs: images, return_tensors.
Unused or unrecognized kwargs: return_tensors, images.
WARNING:root:System prompt modified, audio output may not work as expected. Audio output mode only works when using default system prompt 'You are Qwen, a virtual human developed by the Qwen Team, Alibaba Group, capable of perceiving auditory and visual inputs, as well as generating text and speech.'
/home/gaofeng/OmniZip/qwen-omni-utils/src/qwen_omni_utils/v2_5/audio_process.py:85: UserWarning: PySoundFile failed. Trying audioread instead.
  librosa.load(
/home/gaofeng/anaconda3/envs/omnizip/lib/python3.10/site-packages/librosa/core/audio.py:184: FutureWarning: librosa.core.audio.__audioread_load
	Deprecated as of librosa version 0.10.0.
	It will be removed in librosa version 1.0.
  y, sr_native = __audioread_load(path, offset, duration, dtype)
Unused or unrecognized kwargs: return_tensors, images.
WARNING:root:System prompt modified, audio output may not work as expected. Audio output mode only works when using default system prompt 'You are Qwen, a virtual human developed by the Qwen Team, Alibaba Group, capable of perceiving auditory and visual inputs, as well as generating text and speech.'
/home/gaofeng/OmniZip/qwen-omni-utils/src/qwen_omni_utils/v2_5/audio_process.py:85: UserWarning: PySoundFile failed. Trying audioread instead.
  librosa.load(
/home/gaofeng/anaconda3/envs/omnizip/lib/python3.10/site-packages/librosa/core/audio.py:184: FutureWarning: librosa.core.audio.__audioread_load
	Deprecated as of librosa version 0.10.0.
	It will be removed in librosa version 1.0.
  y, sr_native = __audioread_load(path, offset, duration, dtype)
Unused or unrecognized kwargs: return_tensors, images.
Unused or unrecognized kwargs: return_tensors, images.
WARNING:root:System prompt modified, audio output may not work as expected. Audio output mode only works when using default system prompt 'You are Qwen, a virtual human developed by the Qwen Team, Alibaba Group, capable of perceiving auditory and visual inputs, as well as generating text and speech.'
/home/gaofeng/OmniZip/qwen-omni-utils/src/qwen_omni_utils/v2_5/audio_process.py:85: UserWarning: PySoundFile failed. Trying audioread instead.
  librosa.load(
/home/gaofeng/anaconda3/envs/omnizip/lib/python3.10/site-packages/librosa/core/audio.py:184: FutureWarning: librosa.core.audio.__audioread_load
	Deprecated as of librosa version 0.10.0.
	It will be removed in librosa version 1.0.
  y, sr_native = __audioread_load(path, offset, duration, dtype)
WARNING:root:System prompt modified, audio output may not work as expected. Audio output mode only works when using default system prompt 'You are Qwen, a virtual human developed by the Qwen Team, Alibaba Group, capable of perceiving auditory and visual inputs, as well as generating text and speech.'
/home/gaofeng/OmniZip/qwen-omni-utils/src/qwen_omni_utils/v2_5/audio_process.py:85: UserWarning: PySoundFile failed. Trying audioread instead.
  librosa.load(
/home/gaofeng/anaconda3/envs/omnizip/lib/python3.10/site-packages/librosa/core/audio.py:184: FutureWarning: librosa.core.audio.__audioread_load
	Deprecated as of librosa version 0.10.0.
	It will be removed in librosa version 1.0.
  y, sr_native = __audioread_load(path, offset, duration, dtype)
Unused or unrecognized kwargs: return_tensors, images.
Unused or unrecognized kwargs: return_tensors, images.
WARNING:root:System prompt modified, audio output may not work as expected. Audio output mode only works when using default system prompt 'You are Qwen, a virtual human developed by the Qwen Team, Alibaba Group, capable of perceiving auditory and visual inputs, as well as generating text and speech.'
/home/gaofeng/OmniZip/qwen-omni-utils/src/qwen_omni_utils/v2_5/audio_process.py:85: UserWarning: PySoundFile failed. Trying audioread instead.
  librosa.load(
/home/gaofeng/anaconda3/envs/omnizip/lib/python3.10/site-packages/librosa/core/audio.py:184: FutureWarning: librosa.core.audio.__audioread_load
	Deprecated as of librosa version 0.10.0.
	It will be removed in librosa version 1.0.
  y, sr_native = __audioread_load(path, offset, duration, dtype)
WARNING:root:System prompt modified, audio output may not work as expected. Audio output mode only works when using default system prompt 'You are Qwen, a virtual human developed by the Qwen Team, Alibaba Group, capable of perceiving auditory and visual inputs, as well as generating text and speech.'
/home/gaofeng/OmniZip/qwen-omni-utils/src/qwen_omni_utils/v2_5/audio_process.py:85: UserWarning: PySoundFile failed. Trying audioread instead.
  librosa.load(
/home/gaofeng/anaconda3/envs/omnizip/lib/python3.10/site-packages/librosa/core/audio.py:184: FutureWarning: librosa.core.audio.__audioread_load
	Deprecated as of librosa version 0.10.0.
	It will be removed in librosa version 1.0.
  y, sr_native = __audioread_load(path, offset, duration, dtype)
WARNING:root:System prompt modified, audio output may not work as expected. Audio output mode only works when using default system prompt 'You are Qwen, a virtual human developed by the Qwen Team, Alibaba Group, capable of perceiving auditory and visual inputs, as well as generating text and speech.'
/home/gaofeng/OmniZip/qwen-omni-utils/src/qwen_omni_utils/v2_5/audio_process.py:85: UserWarning: PySoundFile failed. Trying audioread instead.
  librosa.load(
/home/gaofeng/anaconda3/envs/omnizip/lib/python3.10/site-packages/librosa/core/audio.py:184: FutureWarning: librosa.core.audio.__audioread_load
	Deprecated as of librosa version 0.10.0.
	It will be removed in librosa version 1.0.
  y, sr_native = __audioread_load(path, offset, duration, dtype)
Unused or unrecognized kwargs: return_tensors, images.
Unused or unrecognized kwargs: images, return_tensors.
Unused or unrecognized kwargs: return_tensors, images.
WARNING:root:System prompt modified, audio output may not work as expected. Audio output mode only works when using default system prompt 'You are Qwen, a virtual human developed by the Qwen Team, Alibaba Group, capable of perceiving auditory and visual inputs, as well as generating text and speech.'
/home/gaofeng/OmniZip/qwen-omni-utils/src/qwen_omni_utils/v2_5/audio_process.py:85: UserWarning: PySoundFile failed. Trying audioread instead.
  librosa.load(
/home/gaofeng/anaconda3/envs/omnizip/lib/python3.10/site-packages/librosa/core/audio.py:184: FutureWarning: librosa.core.audio.__audioread_load
	Deprecated as of librosa version 0.10.0.
	It will be removed in librosa version 1.0.
  y, sr_native = __audioread_load(path, offset, duration, dtype)
WARNING:root:System prompt modified, audio output may not work as expected. Audio output mode only works when using default system prompt 'You are Qwen, a virtual human developed by the Qwen Team, Alibaba Group, capable of perceiving auditory and visual inputs, as well as generating text and speech.'
/home/gaofeng/OmniZip/qwen-omni-utils/src/qwen_omni_utils/v2_5/audio_process.py:85: UserWarning: PySoundFile failed. Trying audioread instead.
  librosa.load(
/home/gaofeng/anaconda3/envs/omnizip/lib/python3.10/site-packages/librosa/core/audio.py:184: FutureWarning: librosa.core.audio.__audioread_load
	Deprecated as of librosa version 0.10.0.
	It will be removed in librosa version 1.0.
  y, sr_native = __audioread_load(path, offset, duration, dtype)
WARNING:root:System prompt modified, audio output may not work as expected. Audio output mode only works when using default system prompt 'You are Qwen, a virtual human developed by the Qwen Team, Alibaba Group, capable of perceiving auditory and visual inputs, as well as generating text and speech.'
/home/gaofeng/OmniZip/qwen-omni-utils/src/qwen_omni_utils/v2_5/audio_process.py:85: UserWarning: PySoundFile failed. Trying audioread instead.
  librosa.load(
/home/gaofeng/anaconda3/envs/omnizip/lib/python3.10/site-packages/librosa/core/audio.py:184: FutureWarning: librosa.core.audio.__audioread_load
	Deprecated as of librosa version 0.10.0.
	It will be removed in librosa version 1.0.
  y, sr_native = __audioread_load(path, offset, duration, dtype)
Unused or unrecognized kwargs: return_tensors, images.
Unused or unrecognized kwargs: images, return_tensors.
Unused or unrecognized kwargs: return_tensors, images.
WARNING:root:System prompt modified, audio output may not work as expected. Audio output mode only works when using default system prompt 'You are Qwen, a virtual human developed by the Qwen Team, Alibaba Group, capable of perceiving auditory and visual inputs, as well as generating text and speech.'
/home/gaofeng/OmniZip/qwen-omni-utils/src/qwen_omni_utils/v2_5/audio_process.py:85: UserWarning: PySoundFile failed. Trying audioread instead.
  librosa.load(
/home/gaofeng/anaconda3/envs/omnizip/lib/python3.10/site-packages/librosa/core/audio.py:184: FutureWarning: librosa.core.audio.__audioread_load
	Deprecated as of librosa version 0.10.0.
	It will be removed in librosa version 1.0.
  y, sr_native = __audioread_load(path, offset, duration, dtype)
WARNING:root:System prompt modified, audio output may not work as expected. Audio output mode only works when using default system prompt 'You are Qwen, a virtual human developed by the Qwen Team, Alibaba Group, capable of perceiving auditory and visual inputs, as well as generating text and speech.'
/home/gaofeng/OmniZip/qwen-omni-utils/src/qwen_omni_utils/v2_5/audio_process.py:85: UserWarning: PySoundFile failed. Trying audioread instead.
  librosa.load(
/home/gaofeng/anaconda3/envs/omnizip/lib/python3.10/site-packages/librosa/core/audio.py:184: FutureWarning: librosa.core.audio.__audioread_load
	Deprecated as of librosa version 0.10.0.
	It will be removed in librosa version 1.0.
  y, sr_native = __audioread_load(path, offset, duration, dtype)
WARNING:root:System prompt modified, audio output may not work as expected. Audio output mode only works when using default system prompt 'You are Qwen, a virtual human developed by the Qwen Team, Alibaba Group, capable of perceiving auditory and visual inputs, as well as generating text and speech.'
/home/gaofeng/OmniZip/qwen-omni-utils/src/qwen_omni_utils/v2_5/audio_process.py:85: UserWarning: PySoundFile failed. Trying audioread instead.
  librosa.load(
/home/gaofeng/anaconda3/envs/omnizip/lib/python3.10/site-packages/librosa/core/audio.py:184: FutureWarning: librosa.core.audio.__audioread_load
	Deprecated as of librosa version 0.10.0.
	It will be removed in librosa version 1.0.
  y, sr_native = __audioread_load(path, offset, duration, dtype)
WARNING:root:System prompt modified, audio output may not work as expected. Audio output mode only works when using default system prompt 'You are Qwen, a virtual human developed by the Qwen Team, Alibaba Group, capable of perceiving auditory and visual inputs, as well as generating text and speech.'
/home/gaofeng/OmniZip/qwen-omni-utils/src/qwen_omni_utils/v2_5/audio_process.py:85: UserWarning: PySoundFile failed. Trying audioread instead.
  librosa.load(
/home/gaofeng/anaconda3/envs/omnizip/lib/python3.10/site-packages/librosa/core/audio.py:184: FutureWarning: librosa.core.audio.__audioread_load
	Deprecated as of librosa version 0.10.0.
	It will be removed in librosa version 1.0.
  y, sr_native = __audioread_load(path, offset, duration, dtype)
Unused or unrecognized kwargs: return_tensors, images.
Unused or unrecognized kwargs: return_tensors, images.
Unused or unrecognized kwargs: images, return_tensors.
WARNING:root:System prompt modified, audio output may not work as expected. Audio output mode only works when using default system prompt 'You are Qwen, a virtual human developed by the Qwen Team, Alibaba Group, capable of perceiving auditory and visual inputs, as well as generating text and speech.'
/home/gaofeng/OmniZip/qwen-omni-utils/src/qwen_omni_utils/v2_5/audio_process.py:85: UserWarning: PySoundFile failed. Trying audioread instead.
  librosa.load(
/home/gaofeng/anaconda3/envs/omnizip/lib/python3.10/site-packages/librosa/core/audio.py:184: FutureWarning: librosa.core.audio.__audioread_load
	Deprecated as of librosa version 0.10.0.
	It will be removed in librosa version 1.0.
  y, sr_native = __audioread_load(path, offset, duration, dtype)
Unused or unrecognized kwargs: return_tensors, images.
WARNING:root:System prompt modified, audio output may not work as expected. Audio output mode only works when using default system prompt 'You are Qwen, a virtual human developed by the Qwen Team, Alibaba Group, capable of perceiving auditory and visual inputs, as well as generating text and speech.'
/home/gaofeng/OmniZip/qwen-omni-utils/src/qwen_omni_utils/v2_5/audio_process.py:85: UserWarning: PySoundFile failed. Trying audioread instead.
  librosa.load(
/home/gaofeng/anaconda3/envs/omnizip/lib/python3.10/site-packages/librosa/core/audio.py:184: FutureWarning: librosa.core.audio.__audioread_load
	Deprecated as of librosa version 0.10.0.
	It will be removed in librosa version 1.0.
  y, sr_native = __audioread_load(path, offset, duration, dtype)
WARNING:root:System prompt modified, audio output may not work as expected. Audio output mode only works when using default system prompt 'You are Qwen, a virtual human developed by the Qwen Team, Alibaba Group, capable of perceiving auditory and visual inputs, as well as generating text and speech.'
/home/gaofeng/OmniZip/qwen-omni-utils/src/qwen_omni_utils/v2_5/audio_process.py:85: UserWarning: PySoundFile failed. Trying audioread instead.
  librosa.load(
/home/gaofeng/anaconda3/envs/omnizip/lib/python3.10/site-packages/librosa/core/audio.py:184: FutureWarning: librosa.core.audio.__audioread_load
	Deprecated as of librosa version 0.10.0.
	It will be removed in librosa version 1.0.
  y, sr_native = __audioread_load(path, offset, duration, dtype)
WARNING:root:System prompt modified, audio output may not work as expected. Audio output mode only works when using default system prompt 'You are Qwen, a virtual human developed by the Qwen Team, Alibaba Group, capable of perceiving auditory and visual inputs, as well as generating text and speech.'
/home/gaofeng/OmniZip/qwen-omni-utils/src/qwen_omni_utils/v2_5/audio_process.py:85: UserWarning: PySoundFile failed. Trying audioread instead.
  librosa.load(
/home/gaofeng/anaconda3/envs/omnizip/lib/python3.10/site-packages/librosa/core/audio.py:184: FutureWarning: librosa.core.audio.__audioread_load
	Deprecated as of librosa version 0.10.0.
	It will be removed in librosa version 1.0.
  y, sr_native = __audioread_load(path, offset, duration, dtype)
Unused or unrecognized kwargs: return_tensors, images.
Unused or unrecognized kwargs: images, return_tensors.
Unused or unrecognized kwargs: return_tensors, images.
Unused or unrecognized kwargs: return_tensors, images.
WARNING:root:System prompt modified, audio output may not work as expected. Audio output mode only works when using default system prompt 'You are Qwen, a virtual human developed by the Qwen Team, Alibaba Group, capable of perceiving auditory and visual inputs, as well as generating text and speech.'
/home/gaofeng/OmniZip/qwen-omni-utils/src/qwen_omni_utils/v2_5/audio_process.py:85: UserWarning: PySoundFile failed. Trying audioread instead.
  librosa.load(
/home/gaofeng/anaconda3/envs/omnizip/lib/python3.10/site-packages/librosa/core/audio.py:184: FutureWarning: librosa.core.audio.__audioread_load
	Deprecated as of librosa version 0.10.0.
	It will be removed in librosa version 1.0.
  y, sr_native = __audioread_load(path, offset, duration, dtype)
Unused or unrecognized kwargs: images, return_tensors.
WARNING:root:System prompt modified, audio output may not work as expected. Audio output mode only works when using default system prompt 'You are Qwen, a virtual human developed by the Qwen Team, Alibaba Group, capable of perceiving auditory and visual inputs, as well as generating text and speech.'
/home/gaofeng/OmniZip/qwen-omni-utils/src/qwen_omni_utils/v2_5/audio_process.py:85: UserWarning: PySoundFile failed. Trying audioread instead.
  librosa.load(
/home/gaofeng/anaconda3/envs/omnizip/lib/python3.10/site-packages/librosa/core/audio.py:184: FutureWarning: librosa.core.audio.__audioread_load
	Deprecated as of librosa version 0.10.0.
	It will be removed in librosa version 1.0.
  y, sr_native = __audioread_load(path, offset, duration, dtype)
WARNING:root:System prompt modified, audio output may not work as expected. Audio output mode only works when using default system prompt 'You are Qwen, a virtual human developed by the Qwen Team, Alibaba Group, capable of perceiving auditory and visual inputs, as well as generating text and speech.'
/home/gaofeng/OmniZip/qwen-omni-utils/src/qwen_omni_utils/v2_5/audio_process.py:85: UserWarning: PySoundFile failed. Trying audioread instead.
  librosa.load(
/home/gaofeng/anaconda3/envs/omnizip/lib/python3.10/site-packages/librosa/core/audio.py:184: FutureWarning: librosa.core.audio.__audioread_load
	Deprecated as of librosa version 0.10.0.
	It will be removed in librosa version 1.0.
  y, sr_native = __audioread_load(path, offset, duration, dtype)
Unused or unrecognized kwargs: return_tensors, images.
Unused or unrecognized kwargs: images, return_tensors.
WARNING:root:System prompt modified, audio output may not work as expected. Audio output mode only works when using default system prompt 'You are Qwen, a virtual human developed by the Qwen Team, Alibaba Group, capable of perceiving auditory and visual inputs, as well as generating text and speech.'
/home/gaofeng/OmniZip/qwen-omni-utils/src/qwen_omni_utils/v2_5/audio_process.py:85: UserWarning: PySoundFile failed. Trying audioread instead.
  librosa.load(
/home/gaofeng/anaconda3/envs/omnizip/lib/python3.10/site-packages/librosa/core/audio.py:184: FutureWarning: librosa.core.audio.__audioread_load
	Deprecated as of librosa version 0.10.0.
	It will be removed in librosa version 1.0.
  y, sr_native = __audioread_load(path, offset, duration, dtype)
WARNING:root:System prompt modified, audio output may not work as expected. Audio output mode only works when using default system prompt 'You are Qwen, a virtual human developed by the Qwen Team, Alibaba Group, capable of perceiving auditory and visual inputs, as well as generating text and speech.'
/home/gaofeng/OmniZip/qwen-omni-utils/src/qwen_omni_utils/v2_5/audio_process.py:85: UserWarning: PySoundFile failed. Trying audioread instead.
  librosa.load(
/home/gaofeng/anaconda3/envs/omnizip/lib/python3.10/site-packages/librosa/core/audio.py:184: FutureWarning: librosa.core.audio.__audioread_load
	Deprecated as of librosa version 0.10.0.
	It will be removed in librosa version 1.0.
  y, sr_native = __audioread_load(path, offset, duration, dtype)
WARNING:root:System prompt modified, audio output may not work as expected. Audio output mode only works when using default system prompt 'You are Qwen, a virtual human developed by the Qwen Team, Alibaba Group, capable of perceiving auditory and visual inputs, as well as generating text and speech.'
/home/gaofeng/OmniZip/qwen-omni-utils/src/qwen_omni_utils/v2_5/audio_process.py:85: UserWarning: PySoundFile failed. Trying audioread instead.
  librosa.load(
/home/gaofeng/anaconda3/envs/omnizip/lib/python3.10/site-packages/librosa/core/audio.py:184: FutureWarning: librosa.core.audio.__audioread_load
	Deprecated as of librosa version 0.10.0.
	It will be removed in librosa version 1.0.
  y, sr_native = __audioread_load(path, offset, duration, dtype)
Unused or unrecognized kwargs: return_tensors, images.
Unused or unrecognized kwargs: images, return_tensors.
Unused or unrecognized kwargs: return_tensors, images.
WARNING:root:System prompt modified, audio output may not work as expected. Audio output mode only works when using default system prompt 'You are Qwen, a virtual human developed by the Qwen Team, Alibaba Group, capable of perceiving auditory and visual inputs, as well as generating text and speech.'
/home/gaofeng/OmniZip/qwen-omni-utils/src/qwen_omni_utils/v2_5/audio_process.py:85: UserWarning: PySoundFile failed. Trying audioread instead.
  librosa.load(
/home/gaofeng/anaconda3/envs/omnizip/lib/python3.10/site-packages/librosa/core/audio.py:184: FutureWarning: librosa.core.audio.__audioread_load
	Deprecated as of librosa version 0.10.0.
	It will be removed in librosa version 1.0.
  y, sr_native = __audioread_load(path, offset, duration, dtype)
WARNING:root:System prompt modified, audio output may not work as expected. Audio output mode only works when using default system prompt 'You are Qwen, a virtual human developed by the Qwen Team, Alibaba Group, capable of perceiving auditory and visual inputs, as well as generating text and speech.'
/home/gaofeng/OmniZip/qwen-omni-utils/src/qwen_omni_utils/v2_5/audio_process.py:85: UserWarning: PySoundFile failed. Trying audioread instead.
  librosa.load(
/home/gaofeng/anaconda3/envs/omnizip/lib/python3.10/site-packages/librosa/core/audio.py:184: FutureWarning: librosa.core.audio.__audioread_load
	Deprecated as of librosa version 0.10.0.
	It will be removed in librosa version 1.0.
  y, sr_native = __audioread_load(path, offset, duration, dtype)
Unused or unrecognized kwargs: return_tensors, images.
WARNING:root:System prompt modified, audio output may not work as expected. Audio output mode only works when using default system prompt 'You are Qwen, a virtual human developed by the Qwen Team, Alibaba Group, capable of perceiving auditory and visual inputs, as well as generating text and speech.'
Unused or unrecognized kwargs: return_tensors, images.
/home/gaofeng/OmniZip/qwen-omni-utils/src/qwen_omni_utils/v2_5/audio_process.py:85: UserWarning: PySoundFile failed. Trying audioread instead.
  librosa.load(
/home/gaofeng/anaconda3/envs/omnizip/lib/python3.10/site-packages/librosa/core/audio.py:184: FutureWarning: librosa.core.audio.__audioread_load
	Deprecated as of librosa version 0.10.0.
	It will be removed in librosa version 1.0.
  y, sr_native = __audioread_load(path, offset, duration, dtype)
WARNING:root:System prompt modified, audio output may not work as expected. Audio output mode only works when using default system prompt 'You are Qwen, a virtual human developed by the Qwen Team, Alibaba Group, capable of perceiving auditory and visual inputs, as well as generating text and speech.'
/home/gaofeng/OmniZip/qwen-omni-utils/src/qwen_omni_utils/v2_5/audio_process.py:85: UserWarning: PySoundFile failed. Trying audioread instead.
  librosa.load(
/home/gaofeng/anaconda3/envs/omnizip/lib/python3.10/site-packages/librosa/core/audio.py:184: FutureWarning: librosa.core.audio.__audioread_load
	Deprecated as of librosa version 0.10.0.
	It will be removed in librosa version 1.0.
  y, sr_native = __audioread_load(path, offset, duration, dtype)
Unused or unrecognized kwargs: images, return_tensors.
WARNING:root:System prompt modified, audio output may not work as expected. Audio output mode only works when using default system prompt 'You are Qwen, a virtual human developed by the Qwen Team, Alibaba Group, capable of perceiving auditory and visual inputs, as well as generating text and speech.'
/home/gaofeng/OmniZip/qwen-omni-utils/src/qwen_omni_utils/v2_5/audio_process.py:85: UserWarning: PySoundFile failed. Trying audioread instead.
  librosa.load(
/home/gaofeng/anaconda3/envs/omnizip/lib/python3.10/site-packages/librosa/core/audio.py:184: FutureWarning: librosa.core.audio.__audioread_load
	Deprecated as of librosa version 0.10.0.
	It will be removed in librosa version 1.0.
  y, sr_native = __audioread_load(path, offset, duration, dtype)
Unused or unrecognized kwargs: return_tensors, images.
Unused or unrecognized kwargs: return_tensors, images.
WARNING:root:System prompt modified, audio output may not work as expected. Audio output mode only works when using default system prompt 'You are Qwen, a virtual human developed by the Qwen Team, Alibaba Group, capable of perceiving auditory and visual inputs, as well as generating text and speech.'
/home/gaofeng/OmniZip/qwen-omni-utils/src/qwen_omni_utils/v2_5/audio_process.py:85: UserWarning: PySoundFile failed. Trying audioread instead.
  librosa.load(
/home/gaofeng/anaconda3/envs/omnizip/lib/python3.10/site-packages/librosa/core/audio.py:184: FutureWarning: librosa.core.audio.__audioread_load
	Deprecated as of librosa version 0.10.0.
	It will be removed in librosa version 1.0.
  y, sr_native = __audioread_load(path, offset, duration, dtype)
WARNING:root:System prompt modified, audio output may not work as expected. Audio output mode only works when using default system prompt 'You are Qwen, a virtual human developed by the Qwen Team, Alibaba Group, capable of perceiving auditory and visual inputs, as well as generating text and speech.'
/home/gaofeng/OmniZip/qwen-omni-utils/src/qwen_omni_utils/v2_5/audio_process.py:85: UserWarning: PySoundFile failed. Trying audioread instead.
  librosa.load(
/home/gaofeng/anaconda3/envs/omnizip/lib/python3.10/site-packages/librosa/core/audio.py:184: FutureWarning: librosa.core.audio.__audioread_load
	Deprecated as of librosa version 0.10.0.
	It will be removed in librosa version 1.0.
  y, sr_native = __audioread_load(path, offset, duration, dtype)
WARNING:root:System prompt modified, audio output may not work as expected. Audio output mode only works when using default system prompt 'You are Qwen, a virtual human developed by the Qwen Team, Alibaba Group, capable of perceiving auditory and visual inputs, as well as generating text and speech.'
/home/gaofeng/OmniZip/qwen-omni-utils/src/qwen_omni_utils/v2_5/audio_process.py:85: UserWarning: PySoundFile failed. Trying audioread instead.
  librosa.load(
/home/gaofeng/anaconda3/envs/omnizip/lib/python3.10/site-packages/librosa/core/audio.py:184: FutureWarning: librosa.core.audio.__audioread_load
	Deprecated as of librosa version 0.10.0.
	It will be removed in librosa version 1.0.
  y, sr_native = __audioread_load(path, offset, duration, dtype)
Unused or unrecognized kwargs: return_tensors, images.
WARNING:root:System prompt modified, audio output may not work as expected. Audio output mode only works when using default system prompt 'You are Qwen, a virtual human developed by the Qwen Team, Alibaba Group, capable of perceiving auditory and visual inputs, as well as generating text and speech.'
/home/gaofeng/OmniZip/qwen-omni-utils/src/qwen_omni_utils/v2_5/audio_process.py:85: UserWarning: PySoundFile failed. Trying audioread instead.
  librosa.load(
/home/gaofeng/anaconda3/envs/omnizip/lib/python3.10/site-packages/librosa/core/audio.py:184: FutureWarning: librosa.core.audio.__audioread_load
	Deprecated as of librosa version 0.10.0.
	It will be removed in librosa version 1.0.
  y, sr_native = __audioread_load(path, offset, duration, dtype)
Unused or unrecognized kwargs: images, return_tensors.
WARNING:root:System prompt modified, audio output may not work as expected. Audio output mode only works when using default system prompt 'You are Qwen, a virtual human developed by the Qwen Team, Alibaba Group, capable of perceiving auditory and visual inputs, as well as generating text and speech.'
/home/gaofeng/OmniZip/qwen-omni-utils/src/qwen_omni_utils/v2_5/audio_process.py:85: UserWarning: PySoundFile failed. Trying audioread instead.
  librosa.load(
/home/gaofeng/anaconda3/envs/omnizip/lib/python3.10/site-packages/librosa/core/audio.py:184: FutureWarning: librosa.core.audio.__audioread_load
	Deprecated as of librosa version 0.10.0.
	It will be removed in librosa version 1.0.
  y, sr_native = __audioread_load(path, offset, duration, dtype)
Unused or unrecognized kwargs: return_tensors, images.
WARNING:root:System prompt modified, audio output may not work as expected. Audio output mode only works when using default system prompt 'You are Qwen, a virtual human developed by the Qwen Team, Alibaba Group, capable of perceiving auditory and visual inputs, as well as generating text and speech.'
/home/gaofeng/OmniZip/qwen-omni-utils/src/qwen_omni_utils/v2_5/audio_process.py:85: UserWarning: PySoundFile failed. Trying audioread instead.
  librosa.load(
/home/gaofeng/anaconda3/envs/omnizip/lib/python3.10/site-packages/librosa/core/audio.py:184: FutureWarning: librosa.core.audio.__audioread_load
	Deprecated as of librosa version 0.10.0.
	It will be removed in librosa version 1.0.
  y, sr_native = __audioread_load(path, offset, duration, dtype)
WARNING:root:System prompt modified, audio output may not work as expected. Audio output mode only works when using default system prompt 'You are Qwen, a virtual human developed by the Qwen Team, Alibaba Group, capable of perceiving auditory and visual inputs, as well as generating text and speech.'
/home/gaofeng/OmniZip/qwen-omni-utils/src/qwen_omni_utils/v2_5/audio_process.py:85: UserWarning: PySoundFile failed. Trying audioread instead.
  librosa.load(
/home/gaofeng/anaconda3/envs/omnizip/lib/python3.10/site-packages/librosa/core/audio.py:184: FutureWarning: librosa.core.audio.__audioread_load
	Deprecated as of librosa version 0.10.0.
	It will be removed in librosa version 1.0.
  y, sr_native = __audioread_load(path, offset, duration, dtype)
Unused or unrecognized kwargs: return_tensors, images.
Unused or unrecognized kwargs: return_tensors, images.
Unused or unrecognized kwargs: return_tensors, images.
Unused or unrecognized kwargs: images, return_tensors.
WARNING:root:System prompt modified, audio output may not work as expected. Audio output mode only works when using default system prompt 'You are Qwen, a virtual human developed by the Qwen Team, Alibaba Group, capable of perceiving auditory and visual inputs, as well as generating text and speech.'
/home/gaofeng/OmniZip/qwen-omni-utils/src/qwen_omni_utils/v2_5/audio_process.py:85: UserWarning: PySoundFile failed. Trying audioread instead.
  librosa.load(
/home/gaofeng/anaconda3/envs/omnizip/lib/python3.10/site-packages/librosa/core/audio.py:184: FutureWarning: librosa.core.audio.__audioread_load
	Deprecated as of librosa version 0.10.0.
	It will be removed in librosa version 1.0.
  y, sr_native = __audioread_load(path, offset, duration, dtype)
WARNING:root:System prompt modified, audio output may not work as expected. Audio output mode only works when using default system prompt 'You are Qwen, a virtual human developed by the Qwen Team, Alibaba Group, capable of perceiving auditory and visual inputs, as well as generating text and speech.'
/home/gaofeng/OmniZip/qwen-omni-utils/src/qwen_omni_utils/v2_5/audio_process.py:85: UserWarning: PySoundFile failed. Trying audioread instead.
  librosa.load(
/home/gaofeng/anaconda3/envs/omnizip/lib/python3.10/site-packages/librosa/core/audio.py:184: FutureWarning: librosa.core.audio.__audioread_load
	Deprecated as of librosa version 0.10.0.
	It will be removed in librosa version 1.0.
  y, sr_native = __audioread_load(path, offset, duration, dtype)
WARNING:root:System prompt modified, audio output may not work as expected. Audio output mode only works when using default system prompt 'You are Qwen, a virtual human developed by the Qwen Team, Alibaba Group, capable of perceiving auditory and visual inputs, as well as generating text and speech.'
/home/gaofeng/OmniZip/qwen-omni-utils/src/qwen_omni_utils/v2_5/audio_process.py:85: UserWarning: PySoundFile failed. Trying audioread instead.
  librosa.load(
/home/gaofeng/anaconda3/envs/omnizip/lib/python3.10/site-packages/librosa/core/audio.py:184: FutureWarning: librosa.core.audio.__audioread_load
	Deprecated as of librosa version 0.10.0.
	It will be removed in librosa version 1.0.
  y, sr_native = __audioread_load(path, offset, duration, dtype)
Unused or unrecognized kwargs: return_tensors, images.
WARNING:root:System prompt modified, audio output may not work as expected. Audio output mode only works when using default system prompt 'You are Qwen, a virtual human developed by the Qwen Team, Alibaba Group, capable of perceiving auditory and visual inputs, as well as generating text and speech.'
/home/gaofeng/OmniZip/qwen-omni-utils/src/qwen_omni_utils/v2_5/audio_process.py:85: UserWarning: PySoundFile failed. Trying audioread instead.
  librosa.load(
/home/gaofeng/anaconda3/envs/omnizip/lib/python3.10/site-packages/librosa/core/audio.py:184: FutureWarning: librosa.core.audio.__audioread_load
	Deprecated as of librosa version 0.10.0.
	It will be removed in librosa version 1.0.
  y, sr_native = __audioread_load(path, offset, duration, dtype)
Unused or unrecognized kwargs: return_tensors, images.
WARNING:root:System prompt modified, audio output may not work as expected. Audio output mode only works when using default system prompt 'You are Qwen, a virtual human developed by the Qwen Team, Alibaba Group, capable of perceiving auditory and visual inputs, as well as generating text and speech.'
/home/gaofeng/OmniZip/qwen-omni-utils/src/qwen_omni_utils/v2_5/audio_process.py:85: UserWarning: PySoundFile failed. Trying audioread instead.
  librosa.load(
/home/gaofeng/anaconda3/envs/omnizip/lib/python3.10/site-packages/librosa/core/audio.py:184: FutureWarning: librosa.core.audio.__audioread_load
	Deprecated as of librosa version 0.10.0.
	It will be removed in librosa version 1.0.
  y, sr_native = __audioread_load(path, offset, duration, dtype)
Unused or unrecognized kwargs: return_tensors, images.
WARNING:root:System prompt modified, audio output may not work as expected. Audio output mode only works when using default system prompt 'You are Qwen, a virtual human developed by the Qwen Team, Alibaba Group, capable of perceiving auditory and visual inputs, as well as generating text and speech.'
/home/gaofeng/OmniZip/qwen-omni-utils/src/qwen_omni_utils/v2_5/audio_process.py:85: UserWarning: PySoundFile failed. Trying audioread instead.
  librosa.load(
/home/gaofeng/anaconda3/envs/omnizip/lib/python3.10/site-packages/librosa/core/audio.py:184: FutureWarning: librosa.core.audio.__audioread_load
	Deprecated as of librosa version 0.10.0.
	It will be removed in librosa version 1.0.
  y, sr_native = __audioread_load(path, offset, duration, dtype)
WARNING:root:System prompt modified, audio output may not work as expected. Audio output mode only works when using default system prompt 'You are Qwen, a virtual human developed by the Qwen Team, Alibaba Group, capable of perceiving auditory and visual inputs, as well as generating text and speech.'
/home/gaofeng/OmniZip/qwen-omni-utils/src/qwen_omni_utils/v2_5/audio_process.py:85: UserWarning: PySoundFile failed. Trying audioread instead.
  librosa.load(
/home/gaofeng/anaconda3/envs/omnizip/lib/python3.10/site-packages/librosa/core/audio.py:184: FutureWarning: librosa.core.audio.__audioread_load
	Deprecated as of librosa version 0.10.0.
	It will be removed in librosa version 1.0.
  y, sr_native = __audioread_load(path, offset, duration, dtype)
Unused or unrecognized kwargs: return_tensors, images.
Unused or unrecognized kwargs: return_tensors, images.
WARNING:root:System prompt modified, audio output may not work as expected. Audio output mode only works when using default system prompt 'You are Qwen, a virtual human developed by the Qwen Team, Alibaba Group, capable of perceiving auditory and visual inputs, as well as generating text and speech.'
/home/gaofeng/OmniZip/qwen-omni-utils/src/qwen_omni_utils/v2_5/audio_process.py:85: UserWarning: PySoundFile failed. Trying audioread instead.
  librosa.load(
/home/gaofeng/anaconda3/envs/omnizip/lib/python3.10/site-packages/librosa/core/audio.py:184: FutureWarning: librosa.core.audio.__audioread_load
	Deprecated as of librosa version 0.10.0.
	It will be removed in librosa version 1.0.
  y, sr_native = __audioread_load(path, offset, duration, dtype)
Unused or unrecognized kwargs: images, return_tensors.
Unused or unrecognized kwargs: return_tensors, images.
Unused or unrecognized kwargs: return_tensors, images.
WARNING:root:System prompt modified, audio output may not work as expected. Audio output mode only works when using default system prompt 'You are Qwen, a virtual human developed by the Qwen Team, Alibaba Group, capable of perceiving auditory and visual inputs, as well as generating text and speech.'
/home/gaofeng/OmniZip/qwen-omni-utils/src/qwen_omni_utils/v2_5/audio_process.py:85: UserWarning: PySoundFile failed. Trying audioread instead.
  librosa.load(
/home/gaofeng/anaconda3/envs/omnizip/lib/python3.10/site-packages/librosa/core/audio.py:184: FutureWarning: librosa.core.audio.__audioread_load
	Deprecated as of librosa version 0.10.0.
	It will be removed in librosa version 1.0.
  y, sr_native = __audioread_load(path, offset, duration, dtype)
WARNING:root:System prompt modified, audio output may not work as expected. Audio output mode only works when using default system prompt 'You are Qwen, a virtual human developed by the Qwen Team, Alibaba Group, capable of perceiving auditory and visual inputs, as well as generating text and speech.'
/home/gaofeng/OmniZip/qwen-omni-utils/src/qwen_omni_utils/v2_5/audio_process.py:85: UserWarning: PySoundFile failed. Trying audioread instead.
  librosa.load(
/home/gaofeng/anaconda3/envs/omnizip/lib/python3.10/site-packages/librosa/core/audio.py:184: FutureWarning: librosa.core.audio.__audioread_load
	Deprecated as of librosa version 0.10.0.
	It will be removed in librosa version 1.0.
  y, sr_native = __audioread_load(path, offset, duration, dtype)
Unused or unrecognized kwargs: return_tensors, images.
WARNING:root:System prompt modified, audio output may not work as expected. Audio output mode only works when using default system prompt 'You are Qwen, a virtual human developed by the Qwen Team, Alibaba Group, capable of perceiving auditory and visual inputs, as well as generating text and speech.'
/home/gaofeng/OmniZip/qwen-omni-utils/src/qwen_omni_utils/v2_5/audio_process.py:85: UserWarning: PySoundFile failed. Trying audioread instead.
  librosa.load(
/home/gaofeng/anaconda3/envs/omnizip/lib/python3.10/site-packages/librosa/core/audio.py:184: FutureWarning: librosa.core.audio.__audioread_load
	Deprecated as of librosa version 0.10.0.
	It will be removed in librosa version 1.0.
  y, sr_native = __audioread_load(path, offset, duration, dtype)
WARNING:root:System prompt modified, audio output may not work as expected. Audio output mode only works when using default system prompt 'You are Qwen, a virtual human developed by the Qwen Team, Alibaba Group, capable of perceiving auditory and visual inputs, as well as generating text and speech.'
/home/gaofeng/OmniZip/qwen-omni-utils/src/qwen_omni_utils/v2_5/audio_process.py:85: UserWarning: PySoundFile failed. Trying audioread instead.
  librosa.load(
/home/gaofeng/anaconda3/envs/omnizip/lib/python3.10/site-packages/librosa/core/audio.py:184: FutureWarning: librosa.core.audio.__audioread_load
	Deprecated as of librosa version 0.10.0.
	It will be removed in librosa version 1.0.
  y, sr_native = __audioread_load(path, offset, duration, dtype)
Unused or unrecognized kwargs: return_tensors, images.
Unused or unrecognized kwargs: return_tensors, images.
Unused or unrecognized kwargs: return_tensors, images.
WARNING:root:System prompt modified, audio output may not work as expected. Audio output mode only works when using default system prompt 'You are Qwen, a virtual human developed by the Qwen Team, Alibaba Group, capable of perceiving auditory and visual inputs, as well as generating text and speech.'
/home/gaofeng/OmniZip/qwen-omni-utils/src/qwen_omni_utils/v2_5/audio_process.py:85: UserWarning: PySoundFile failed. Trying audioread instead.
  librosa.load(
/home/gaofeng/anaconda3/envs/omnizip/lib/python3.10/site-packages/librosa/core/audio.py:184: FutureWarning: librosa.core.audio.__audioread_load
	Deprecated as of librosa version 0.10.0.
	It will be removed in librosa version 1.0.
  y, sr_native = __audioread_load(path, offset, duration, dtype)
WARNING:root:System prompt modified, audio output may not work as expected. Audio output mode only works when using default system prompt 'You are Qwen, a virtual human developed by the Qwen Team, Alibaba Group, capable of perceiving auditory and visual inputs, as well as generating text and speech.'
/home/gaofeng/OmniZip/qwen-omni-utils/src/qwen_omni_utils/v2_5/audio_process.py:85: UserWarning: PySoundFile failed. Trying audioread instead.
  librosa.load(
/home/gaofeng/anaconda3/envs/omnizip/lib/python3.10/site-packages/librosa/core/audio.py:184: FutureWarning: librosa.core.audio.__audioread_load
	Deprecated as of librosa version 0.10.0.
	It will be removed in librosa version 1.0.
  y, sr_native = __audioread_load(path, offset, duration, dtype)
Unused or unrecognized kwargs: return_tensors, images.
Unused or unrecognized kwargs: return_tensors, images.
WARNING:root:System prompt modified, audio output may not work as expected. Audio output mode only works when using default system prompt 'You are Qwen, a virtual human developed by the Qwen Team, Alibaba Group, capable of perceiving auditory and visual inputs, as well as generating text and speech.'
/home/gaofeng/OmniZip/qwen-omni-utils/src/qwen_omni_utils/v2_5/audio_process.py:85: UserWarning: PySoundFile failed. Trying audioread instead.
  librosa.load(
/home/gaofeng/anaconda3/envs/omnizip/lib/python3.10/site-packages/librosa/core/audio.py:184: FutureWarning: librosa.core.audio.__audioread_load
	Deprecated as of librosa version 0.10.0.
	It will be removed in librosa version 1.0.
  y, sr_native = __audioread_load(path, offset, duration, dtype)
WARNING:root:System prompt modified, audio output may not work as expected. Audio output mode only works when using default system prompt 'You are Qwen, a virtual human developed by the Qwen Team, Alibaba Group, capable of perceiving auditory and visual inputs, as well as generating text and speech.'
/home/gaofeng/OmniZip/qwen-omni-utils/src/qwen_omni_utils/v2_5/audio_process.py:85: UserWarning: PySoundFile failed. Trying audioread instead.
  librosa.load(
/home/gaofeng/anaconda3/envs/omnizip/lib/python3.10/site-packages/librosa/core/audio.py:184: FutureWarning: librosa.core.audio.__audioread_load
	Deprecated as of librosa version 0.10.0.
	It will be removed in librosa version 1.0.
  y, sr_native = __audioread_load(path, offset, duration, dtype)
Unused or unrecognized kwargs: images, return_tensors.
WARNING:root:System prompt modified, audio output may not work as expected. Audio output mode only works when using default system prompt 'You are Qwen, a virtual human developed by the Qwen Team, Alibaba Group, capable of perceiving auditory and visual inputs, as well as generating text and speech.'
/home/gaofeng/OmniZip/qwen-omni-utils/src/qwen_omni_utils/v2_5/audio_process.py:85: UserWarning: PySoundFile failed. Trying audioread instead.
  librosa.load(
/home/gaofeng/anaconda3/envs/omnizip/lib/python3.10/site-packages/librosa/core/audio.py:184: FutureWarning: librosa.core.audio.__audioread_load
	Deprecated as of librosa version 0.10.0.
	It will be removed in librosa version 1.0.
  y, sr_native = __audioread_load(path, offset, duration, dtype)
Unused or unrecognized kwargs: return_tensors, images.
Unused or unrecognized kwargs: return_tensors, images.
WARNING:root:System prompt modified, audio output may not work as expected. Audio output mode only works when using default system prompt 'You are Qwen, a virtual human developed by the Qwen Team, Alibaba Group, capable of perceiving auditory and visual inputs, as well as generating text and speech.'
/home/gaofeng/OmniZip/qwen-omni-utils/src/qwen_omni_utils/v2_5/audio_process.py:85: UserWarning: PySoundFile failed. Trying audioread instead.
  librosa.load(
/home/gaofeng/anaconda3/envs/omnizip/lib/python3.10/site-packages/librosa/core/audio.py:184: FutureWarning: librosa.core.audio.__audioread_load
	Deprecated as of librosa version 0.10.0.
	It will be removed in librosa version 1.0.
  y, sr_native = __audioread_load(path, offset, duration, dtype)
WARNING:root:System prompt modified, audio output may not work as expected. Audio output mode only works when using default system prompt 'You are Qwen, a virtual human developed by the Qwen Team, Alibaba Group, capable of perceiving auditory and visual inputs, as well as generating text and speech.'
/home/gaofeng/OmniZip/qwen-omni-utils/src/qwen_omni_utils/v2_5/audio_process.py:85: UserWarning: PySoundFile failed. Trying audioread instead.
  librosa.load(
/home/gaofeng/anaconda3/envs/omnizip/lib/python3.10/site-packages/librosa/core/audio.py:184: FutureWarning: librosa.core.audio.__audioread_load
	Deprecated as of librosa version 0.10.0.
	It will be removed in librosa version 1.0.
  y, sr_native = __audioread_load(path, offset, duration, dtype)
WARNING:root:System prompt modified, audio output may not work as expected. Audio output mode only works when using default system prompt 'You are Qwen, a virtual human developed by the Qwen Team, Alibaba Group, capable of perceiving auditory and visual inputs, as well as generating text and speech.'
/home/gaofeng/OmniZip/qwen-omni-utils/src/qwen_omni_utils/v2_5/audio_process.py:85: UserWarning: PySoundFile failed. Trying audioread instead.
  librosa.load(
/home/gaofeng/anaconda3/envs/omnizip/lib/python3.10/site-packages/librosa/core/audio.py:184: FutureWarning: librosa.core.audio.__audioread_load
	Deprecated as of librosa version 0.10.0.
	It will be removed in librosa version 1.0.
  y, sr_native = __audioread_load(path, offset, duration, dtype)
Unused or unrecognized kwargs: return_tensors, images.
Unused or unrecognized kwargs: images, return_tensors.
Unused or unrecognized kwargs: return_tensors, images.
WARNING:root:System prompt modified, audio output may not work as expected. Audio output mode only works when using default system prompt 'You are Qwen, a virtual human developed by the Qwen Team, Alibaba Group, capable of perceiving auditory and visual inputs, as well as generating text and speech.'
/home/gaofeng/OmniZip/qwen-omni-utils/src/qwen_omni_utils/v2_5/audio_process.py:85: UserWarning: PySoundFile failed. Trying audioread instead.
  librosa.load(
/home/gaofeng/anaconda3/envs/omnizip/lib/python3.10/site-packages/librosa/core/audio.py:184: FutureWarning: librosa.core.audio.__audioread_load
	Deprecated as of librosa version 0.10.0.
	It will be removed in librosa version 1.0.
  y, sr_native = __audioread_load(path, offset, duration, dtype)
WARNING:root:System prompt modified, audio output may not work as expected. Audio output mode only works when using default system prompt 'You are Qwen, a virtual human developed by the Qwen Team, Alibaba Group, capable of perceiving auditory and visual inputs, as well as generating text and speech.'
/home/gaofeng/OmniZip/qwen-omni-utils/src/qwen_omni_utils/v2_5/audio_process.py:85: UserWarning: PySoundFile failed. Trying audioread instead.
  librosa.load(
/home/gaofeng/anaconda3/envs/omnizip/lib/python3.10/site-packages/librosa/core/audio.py:184: FutureWarning: librosa.core.audio.__audioread_load
	Deprecated as of librosa version 0.10.0.
	It will be removed in librosa version 1.0.
  y, sr_native = __audioread_load(path, offset, duration, dtype)
WARNING:root:System prompt modified, audio output may not work as expected. Audio output mode only works when using default system prompt 'You are Qwen, a virtual human developed by the Qwen Team, Alibaba Group, capable of perceiving auditory and visual inputs, as well as generating text and speech.'
/home/gaofeng/OmniZip/qwen-omni-utils/src/qwen_omni_utils/v2_5/audio_process.py:85: UserWarning: PySoundFile failed. Trying audioread instead.
  librosa.load(
/home/gaofeng/anaconda3/envs/omnizip/lib/python3.10/site-packages/librosa/core/audio.py:184: FutureWarning: librosa.core.audio.__audioread_load
	Deprecated as of librosa version 0.10.0.
	It will be removed in librosa version 1.0.
  y, sr_native = __audioread_load(path, offset, duration, dtype)
WARNING:root:System prompt modified, audio output may not work as expected. Audio output mode only works when using default system prompt 'You are Qwen, a virtual human developed by the Qwen Team, Alibaba Group, capable of perceiving auditory and visual inputs, as well as generating text and speech.'
/home/gaofeng/OmniZip/qwen-omni-utils/src/qwen_omni_utils/v2_5/audio_process.py:85: UserWarning: PySoundFile failed. Trying audioread instead.
  librosa.load(
/home/gaofeng/anaconda3/envs/omnizip/lib/python3.10/site-packages/librosa/core/audio.py:184: FutureWarning: librosa.core.audio.__audioread_load
	Deprecated as of librosa version 0.10.0.
	It will be removed in librosa version 1.0.
  y, sr_native = __audioread_load(path, offset, duration, dtype)
Unused or unrecognized kwargs: return_tensors, images.
Unused or unrecognized kwargs: return_tensors, images.
Unused or unrecognized kwargs: return_tensors, images.
WARNING:root:System prompt modified, audio output may not work as expected. Audio output mode only works when using default system prompt 'You are Qwen, a virtual human developed by the Qwen Team, Alibaba Group, capable of perceiving auditory and visual inputs, as well as generating text and speech.'
/home/gaofeng/OmniZip/qwen-omni-utils/src/qwen_omni_utils/v2_5/audio_process.py:85: UserWarning: PySoundFile failed. Trying audioread instead.
  librosa.load(
/home/gaofeng/anaconda3/envs/omnizip/lib/python3.10/site-packages/librosa/core/audio.py:184: FutureWarning: librosa.core.audio.__audioread_load
	Deprecated as of librosa version 0.10.0.
	It will be removed in librosa version 1.0.
  y, sr_native = __audioread_load(path, offset, duration, dtype)
WARNING:root:System prompt modified, audio output may not work as expected. Audio output mode only works when using default system prompt 'You are Qwen, a virtual human developed by the Qwen Team, Alibaba Group, capable of perceiving auditory and visual inputs, as well as generating text and speech.'
/home/gaofeng/OmniZip/qwen-omni-utils/src/qwen_omni_utils/v2_5/audio_process.py:85: UserWarning: PySoundFile failed. Trying audioread instead.
  librosa.load(
/home/gaofeng/anaconda3/envs/omnizip/lib/python3.10/site-packages/librosa/core/audio.py:184: FutureWarning: librosa.core.audio.__audioread_load
	Deprecated as of librosa version 0.10.0.
	It will be removed in librosa version 1.0.
  y, sr_native = __audioread_load(path, offset, duration, dtype)
Unused or unrecognized kwargs: images, return_tensors.
Unused or unrecognized kwargs: return_tensors, images.
Unused or unrecognized kwargs: return_tensors, images.
WARNING:root:System prompt modified, audio output may not work as expected. Audio output mode only works when using default system prompt 'You are Qwen, a virtual human developed by the Qwen Team, Alibaba Group, capable of perceiving auditory and visual inputs, as well as generating text and speech.'
/home/gaofeng/OmniZip/qwen-omni-utils/src/qwen_omni_utils/v2_5/audio_process.py:85: UserWarning: PySoundFile failed. Trying audioread instead.
  librosa.load(
/home/gaofeng/anaconda3/envs/omnizip/lib/python3.10/site-packages/librosa/core/audio.py:184: FutureWarning: librosa.core.audio.__audioread_load
	Deprecated as of librosa version 0.10.0.
	It will be removed in librosa version 1.0.
  y, sr_native = __audioread_load(path, offset, duration, dtype)
Unused or unrecognized kwargs: return_tensors, images.
WARNING:root:System prompt modified, audio output may not work as expected. Audio output mode only works when using default system prompt 'You are Qwen, a virtual human developed by the Qwen Team, Alibaba Group, capable of perceiving auditory and visual inputs, as well as generating text and speech.'
/home/gaofeng/OmniZip/qwen-omni-utils/src/qwen_omni_utils/v2_5/audio_process.py:85: UserWarning: PySoundFile failed. Trying audioread instead.
  librosa.load(
/home/gaofeng/anaconda3/envs/omnizip/lib/python3.10/site-packages/librosa/core/audio.py:184: FutureWarning: librosa.core.audio.__audioread_load
	Deprecated as of librosa version 0.10.0.
	It will be removed in librosa version 1.0.
  y, sr_native = __audioread_load(path, offset, duration, dtype)
WARNING:root:System prompt modified, audio output may not work as expected. Audio output mode only works when using default system prompt 'You are Qwen, a virtual human developed by the Qwen Team, Alibaba Group, capable of perceiving auditory and visual inputs, as well as generating text and speech.'
/home/gaofeng/OmniZip/qwen-omni-utils/src/qwen_omni_utils/v2_5/audio_process.py:85: UserWarning: PySoundFile failed. Trying audioread instead.
  librosa.load(
/home/gaofeng/anaconda3/envs/omnizip/lib/python3.10/site-packages/librosa/core/audio.py:184: FutureWarning: librosa.core.audio.__audioread_load
	Deprecated as of librosa version 0.10.0.
	It will be removed in librosa version 1.0.
  y, sr_native = __audioread_load(path, offset, duration, dtype)
WARNING:root:System prompt modified, audio output may not work as expected. Audio output mode only works when using default system prompt 'You are Qwen, a virtual human developed by the Qwen Team, Alibaba Group, capable of perceiving auditory and visual inputs, as well as generating text and speech.'
/home/gaofeng/OmniZip/qwen-omni-utils/src/qwen_omni_utils/v2_5/audio_process.py:85: UserWarning: PySoundFile failed. Trying audioread instead.
  librosa.load(
/home/gaofeng/anaconda3/envs/omnizip/lib/python3.10/site-packages/librosa/core/audio.py:184: FutureWarning: librosa.core.audio.__audioread_load
	Deprecated as of librosa version 0.10.0.
	It will be removed in librosa version 1.0.
  y, sr_native = __audioread_load(path, offset, duration, dtype)
WARNING:root:System prompt modified, audio output may not work as expected. Audio output mode only works when using default system prompt 'You are Qwen, a virtual human developed by the Qwen Team, Alibaba Group, capable of perceiving auditory and visual inputs, as well as generating text and speech.'
/home/gaofeng/OmniZip/qwen-omni-utils/src/qwen_omni_utils/v2_5/audio_process.py:85: UserWarning: PySoundFile failed. Trying audioread instead.
  librosa.load(
/home/gaofeng/anaconda3/envs/omnizip/lib/python3.10/site-packages/librosa/core/audio.py:184: FutureWarning: librosa.core.audio.__audioread_load
	Deprecated as of librosa version 0.10.0.
	It will be removed in librosa version 1.0.
  y, sr_native = __audioread_load(path, offset, duration, dtype)
Unused or unrecognized kwargs: return_tensors, images.
Unused or unrecognized kwargs: return_tensors, images.
Unused or unrecognized kwargs: return_tensors, images.
WARNING:root:System prompt modified, audio output may not work as expected. Audio output mode only works when using default system prompt 'You are Qwen, a virtual human developed by the Qwen Team, Alibaba Group, capable of perceiving auditory and visual inputs, as well as generating text and speech.'
/home/gaofeng/OmniZip/qwen-omni-utils/src/qwen_omni_utils/v2_5/audio_process.py:85: UserWarning: PySoundFile failed. Trying audioread instead.
  librosa.load(
/home/gaofeng/anaconda3/envs/omnizip/lib/python3.10/site-packages/librosa/core/audio.py:184: FutureWarning: librosa.core.audio.__audioread_load
	Deprecated as of librosa version 0.10.0.
	It will be removed in librosa version 1.0.
  y, sr_native = __audioread_load(path, offset, duration, dtype)
Unused or unrecognized kwargs: return_tensors, images.
WARNING:root:System prompt modified, audio output may not work as expected. Audio output mode only works when using default system prompt 'You are Qwen, a virtual human developed by the Qwen Team, Alibaba Group, capable of perceiving auditory and visual inputs, as well as generating text and speech.'
/home/gaofeng/OmniZip/qwen-omni-utils/src/qwen_omni_utils/v2_5/audio_process.py:85: UserWarning: PySoundFile failed. Trying audioread instead.
  librosa.load(
/home/gaofeng/anaconda3/envs/omnizip/lib/python3.10/site-packages/librosa/core/audio.py:184: FutureWarning: librosa.core.audio.__audioread_load
	Deprecated as of librosa version 0.10.0.
	It will be removed in librosa version 1.0.
  y, sr_native = __audioread_load(path, offset, duration, dtype)
Unused or unrecognized kwargs: images, return_tensors.
WARNING:root:System prompt modified, audio output may not work as expected. Audio output mode only works when using default system prompt 'You are Qwen, a virtual human developed by the Qwen Team, Alibaba Group, capable of perceiving auditory and visual inputs, as well as generating text and speech.'
/home/gaofeng/OmniZip/qwen-omni-utils/src/qwen_omni_utils/v2_5/audio_process.py:85: UserWarning: PySoundFile failed. Trying audioread instead.
  librosa.load(
/home/gaofeng/anaconda3/envs/omnizip/lib/python3.10/site-packages/librosa/core/audio.py:184: FutureWarning: librosa.core.audio.__audioread_load
	Deprecated as of librosa version 0.10.0.
	It will be removed in librosa version 1.0.
  y, sr_native = __audioread_load(path, offset, duration, dtype)
WARNING:root:System prompt modified, audio output may not work as expected. Audio output mode only works when using default system prompt 'You are Qwen, a virtual human developed by the Qwen Team, Alibaba Group, capable of perceiving auditory and visual inputs, as well as generating text and speech.'
/home/gaofeng/OmniZip/qwen-omni-utils/src/qwen_omni_utils/v2_5/audio_process.py:85: UserWarning: PySoundFile failed. Trying audioread instead.
  librosa.load(
/home/gaofeng/anaconda3/envs/omnizip/lib/python3.10/site-packages/librosa/core/audio.py:184: FutureWarning: librosa.core.audio.__audioread_load
	Deprecated as of librosa version 0.10.0.
	It will be removed in librosa version 1.0.
  y, sr_native = __audioread_load(path, offset, duration, dtype)
Unused or unrecognized kwargs: return_tensors, images.
Unused or unrecognized kwargs: return_tensors, images.
Unused or unrecognized kwargs: return_tensors, images.
WARNING:root:System prompt modified, audio output may not work as expected. Audio output mode only works when using default system prompt 'You are Qwen, a virtual human developed by the Qwen Team, Alibaba Group, capable of perceiving auditory and visual inputs, as well as generating text and speech.'
/home/gaofeng/OmniZip/qwen-omni-utils/src/qwen_omni_utils/v2_5/audio_process.py:85: UserWarning: PySoundFile failed. Trying audioread instead.
  librosa.load(
/home/gaofeng/anaconda3/envs/omnizip/lib/python3.10/site-packages/librosa/core/audio.py:184: FutureWarning: librosa.core.audio.__audioread_load
	Deprecated as of librosa version 0.10.0.
	It will be removed in librosa version 1.0.
  y, sr_native = __audioread_load(path, offset, duration, dtype)
Unused or unrecognized kwargs: return_tensors, images.
WARNING:root:System prompt modified, audio output may not work as expected. Audio output mode only works when using default system prompt 'You are Qwen, a virtual human developed by the Qwen Team, Alibaba Group, capable of perceiving auditory and visual inputs, as well as generating text and speech.'
/home/gaofeng/OmniZip/qwen-omni-utils/src/qwen_omni_utils/v2_5/audio_process.py:85: UserWarning: PySoundFile failed. Trying audioread instead.
  librosa.load(
/home/gaofeng/anaconda3/envs/omnizip/lib/python3.10/site-packages/librosa/core/audio.py:184: FutureWarning: librosa.core.audio.__audioread_load
	Deprecated as of librosa version 0.10.0.
	It will be removed in librosa version 1.0.
  y, sr_native = __audioread_load(path, offset, duration, dtype)
WARNING:root:System prompt modified, audio output may not work as expected. Audio output mode only works when using default system prompt 'You are Qwen, a virtual human developed by the Qwen Team, Alibaba Group, capable of perceiving auditory and visual inputs, as well as generating text and speech.'
/home/gaofeng/OmniZip/qwen-omni-utils/src/qwen_omni_utils/v2_5/audio_process.py:85: UserWarning: PySoundFile failed. Trying audioread instead.
  librosa.load(
/home/gaofeng/anaconda3/envs/omnizip/lib/python3.10/site-packages/librosa/core/audio.py:184: FutureWarning: librosa.core.audio.__audioread_load
	Deprecated as of librosa version 0.10.0.
	It will be removed in librosa version 1.0.
  y, sr_native = __audioread_load(path, offset, duration, dtype)
Unused or unrecognized kwargs: return_tensors, images.
WARNING:root:System prompt modified, audio output may not work as expected. Audio output mode only works when using default system prompt 'You are Qwen, a virtual human developed by the Qwen Team, Alibaba Group, capable of perceiving auditory and visual inputs, as well as generating text and speech.'
/home/gaofeng/OmniZip/qwen-omni-utils/src/qwen_omni_utils/v2_5/audio_process.py:85: UserWarning: PySoundFile failed. Trying audioread instead.
  librosa.load(
/home/gaofeng/anaconda3/envs/omnizip/lib/python3.10/site-packages/librosa/core/audio.py:184: FutureWarning: librosa.core.audio.__audioread_load
	Deprecated as of librosa version 0.10.0.
	It will be removed in librosa version 1.0.
  y, sr_native = __audioread_load(path, offset, duration, dtype)
WARNING:root:System prompt modified, audio output may not work as expected. Audio output mode only works when using default system prompt 'You are Qwen, a virtual human developed by the Qwen Team, Alibaba Group, capable of perceiving auditory and visual inputs, as well as generating text and speech.'
/home/gaofeng/OmniZip/qwen-omni-utils/src/qwen_omni_utils/v2_5/audio_process.py:85: UserWarning: PySoundFile failed. Trying audioread instead.
  librosa.load(
/home/gaofeng/anaconda3/envs/omnizip/lib/python3.10/site-packages/librosa/core/audio.py:184: FutureWarning: librosa.core.audio.__audioread_load
	Deprecated as of librosa version 0.10.0.
	It will be removed in librosa version 1.0.
  y, sr_native = __audioread_load(path, offset, duration, dtype)
Unused or unrecognized kwargs: return_tensors, images.
WARNING:root:System prompt modified, audio output may not work as expected. Audio output mode only works when using default system prompt 'You are Qwen, a virtual human developed by the Qwen Team, Alibaba Group, capable of perceiving auditory and visual inputs, as well as generating text and speech.'
/home/gaofeng/OmniZip/qwen-omni-utils/src/qwen_omni_utils/v2_5/audio_process.py:85: UserWarning: PySoundFile failed. Trying audioread instead.
  librosa.load(
/home/gaofeng/anaconda3/envs/omnizip/lib/python3.10/site-packages/librosa/core/audio.py:184: FutureWarning: librosa.core.audio.__audioread_load
	Deprecated as of librosa version 0.10.0.
	It will be removed in librosa version 1.0.
  y, sr_native = __audioread_load(path, offset, duration, dtype)
Unused or unrecognized kwargs: return_tensors, images.
WARNING:root:System prompt modified, audio output may not work as expected. Audio output mode only works when using default system prompt 'You are Qwen, a virtual human developed by the Qwen Team, Alibaba Group, capable of perceiving auditory and visual inputs, as well as generating text and speech.'
/home/gaofeng/OmniZip/qwen-omni-utils/src/qwen_omni_utils/v2_5/audio_process.py:85: UserWarning: PySoundFile failed. Trying audioread instead.
  librosa.load(
/home/gaofeng/anaconda3/envs/omnizip/lib/python3.10/site-packages/librosa/core/audio.py:184: FutureWarning: librosa.core.audio.__audioread_load
	Deprecated as of librosa version 0.10.0.
	It will be removed in librosa version 1.0.
  y, sr_native = __audioread_load(path, offset, duration, dtype)
WARNING:root:System prompt modified, audio output may not work as expected. Audio output mode only works when using default system prompt 'You are Qwen, a virtual human developed by the Qwen Team, Alibaba Group, capable of perceiving auditory and visual inputs, as well as generating text and speech.'
/home/gaofeng/OmniZip/qwen-omni-utils/src/qwen_omni_utils/v2_5/audio_process.py:85: UserWarning: PySoundFile failed. Trying audioread instead.
  librosa.load(
/home/gaofeng/anaconda3/envs/omnizip/lib/python3.10/site-packages/librosa/core/audio.py:184: FutureWarning: librosa.core.audio.__audioread_load
	Deprecated as of librosa version 0.10.0.
	It will be removed in librosa version 1.0.
  y, sr_native = __audioread_load(path, offset, duration, dtype)
Unused or unrecognized kwargs: return_tensors, images.
Unused or unrecognized kwargs: images, return_tensors.
Unused or unrecognized kwargs: return_tensors, images.
Unused or unrecognized kwargs: return_tensors, images.
WARNING:root:System prompt modified, audio output may not work as expected. Audio output mode only works when using default system prompt 'You are Qwen, a virtual human developed by the Qwen Team, Alibaba Group, capable of perceiving auditory and visual inputs, as well as generating text and speech.'
/home/gaofeng/OmniZip/qwen-omni-utils/src/qwen_omni_utils/v2_5/audio_process.py:85: UserWarning: PySoundFile failed. Trying audioread instead.
  librosa.load(
/home/gaofeng/anaconda3/envs/omnizip/lib/python3.10/site-packages/librosa/core/audio.py:184: FutureWarning: librosa.core.audio.__audioread_load
	Deprecated as of librosa version 0.10.0.
	It will be removed in librosa version 1.0.
  y, sr_native = __audioread_load(path, offset, duration, dtype)
WARNING:root:System prompt modified, audio output may not work as expected. Audio output mode only works when using default system prompt 'You are Qwen, a virtual human developed by the Qwen Team, Alibaba Group, capable of perceiving auditory and visual inputs, as well as generating text and speech.'
/home/gaofeng/OmniZip/qwen-omni-utils/src/qwen_omni_utils/v2_5/audio_process.py:85: UserWarning: PySoundFile failed. Trying audioread instead.
  librosa.load(
/home/gaofeng/anaconda3/envs/omnizip/lib/python3.10/site-packages/librosa/core/audio.py:184: FutureWarning: librosa.core.audio.__audioread_load
	Deprecated as of librosa version 0.10.0.
	It will be removed in librosa version 1.0.
  y, sr_native = __audioread_load(path, offset, duration, dtype)
Unused or unrecognized kwargs: images, return_tensors.
Token indices sequence length is longer than the specified maximum sequence length for this model (39680 > 32768). Running this sequence through the model will result in indexing errors
Unused or unrecognized kwargs: return_tensors, images.
WARNING:root:System prompt modified, audio output may not work as expected. Audio output mode only works when using default system prompt 'You are Qwen, a virtual human developed by the Qwen Team, Alibaba Group, capable of perceiving auditory and visual inputs, as well as generating text and speech.'
/home/gaofeng/OmniZip/qwen-omni-utils/src/qwen_omni_utils/v2_5/audio_process.py:85: UserWarning: PySoundFile failed. Trying audioread instead.
  librosa.load(
/home/gaofeng/anaconda3/envs/omnizip/lib/python3.10/site-packages/librosa/core/audio.py:184: FutureWarning: librosa.core.audio.__audioread_load
	Deprecated as of librosa version 0.10.0.
	It will be removed in librosa version 1.0.
  y, sr_native = __audioread_load(path, offset, duration, dtype)
Unused or unrecognized kwargs: images, return_tensors.
WARNING:root:System prompt modified, audio output may not work as expected. Audio output mode only works when using default system prompt 'You are Qwen, a virtual human developed by the Qwen Team, Alibaba Group, capable of perceiving auditory and visual inputs, as well as generating text and speech.'
/home/gaofeng/OmniZip/qwen-omni-utils/src/qwen_omni_utils/v2_5/audio_process.py:85: UserWarning: PySoundFile failed. Trying audioread instead.
  librosa.load(
/home/gaofeng/anaconda3/envs/omnizip/lib/python3.10/site-packages/librosa/core/audio.py:184: FutureWarning: librosa.core.audio.__audioread_load
	Deprecated as of librosa version 0.10.0.
	It will be removed in librosa version 1.0.
  y, sr_native = __audioread_load(path, offset, duration, dtype)
WARNING:root:System prompt modified, audio output may not work as expected. Audio output mode only works when using default system prompt 'You are Qwen, a virtual human developed by the Qwen Team, Alibaba Group, capable of perceiving auditory and visual inputs, as well as generating text and speech.'
/home/gaofeng/OmniZip/qwen-omni-utils/src/qwen_omni_utils/v2_5/audio_process.py:85: UserWarning: PySoundFile failed. Trying audioread instead.
  librosa.load(
/home/gaofeng/anaconda3/envs/omnizip/lib/python3.10/site-packages/librosa/core/audio.py:184: FutureWarning: librosa.core.audio.__audioread_load
	Deprecated as of librosa version 0.10.0.
	It will be removed in librosa version 1.0.
  y, sr_native = __audioread_load(path, offset, duration, dtype)
WARNING:root:System prompt modified, audio output may not work as expected. Audio output mode only works when using default system prompt 'You are Qwen, a virtual human developed by the Qwen Team, Alibaba Group, capable of perceiving auditory and visual inputs, as well as generating text and speech.'
/home/gaofeng/OmniZip/qwen-omni-utils/src/qwen_omni_utils/v2_5/audio_process.py:85: UserWarning: PySoundFile failed. Trying audioread instead.
  librosa.load(
/home/gaofeng/anaconda3/envs/omnizip/lib/python3.10/site-packages/librosa/core/audio.py:184: FutureWarning: librosa.core.audio.__audioread_load
	Deprecated as of librosa version 0.10.0.
	It will be removed in librosa version 1.0.
  y, sr_native = __audioread_load(path, offset, duration, dtype)
WARNING:root:System prompt modified, audio output may not work as expected. Audio output mode only works when using default system prompt 'You are Qwen, a virtual human developed by the Qwen Team, Alibaba Group, capable of perceiving auditory and visual inputs, as well as generating text and speech.'
/home/gaofeng/OmniZip/qwen-omni-utils/src/qwen_omni_utils/v2_5/audio_process.py:85: UserWarning: PySoundFile failed. Trying audioread instead.
  librosa.load(
/home/gaofeng/anaconda3/envs/omnizip/lib/python3.10/site-packages/librosa/core/audio.py:184: FutureWarning: librosa.core.audio.__audioread_load
	Deprecated as of librosa version 0.10.0.
	It will be removed in librosa version 1.0.
  y, sr_native = __audioread_load(path, offset, duration, dtype)
Unused or unrecognized kwargs: return_tensors, images.
Unused or unrecognized kwargs: return_tensors, images.
WARNING:root:System prompt modified, audio output may not work as expected. Audio output mode only works when using default system prompt 'You are Qwen, a virtual human developed by the Qwen Team, Alibaba Group, capable of perceiving auditory and visual inputs, as well as generating text and speech.'
/home/gaofeng/OmniZip/qwen-omni-utils/src/qwen_omni_utils/v2_5/audio_process.py:85: UserWarning: PySoundFile failed. Trying audioread instead.
  librosa.load(
/home/gaofeng/anaconda3/envs/omnizip/lib/python3.10/site-packages/librosa/core/audio.py:184: FutureWarning: librosa.core.audio.__audioread_load
	Deprecated as of librosa version 0.10.0.
	It will be removed in librosa version 1.0.
  y, sr_native = __audioread_load(path, offset, duration, dtype)
WARNING:root:System prompt modified, audio output may not work as expected. Audio output mode only works when using default system prompt 'You are Qwen, a virtual human developed by the Qwen Team, Alibaba Group, capable of perceiving auditory and visual inputs, as well as generating text and speech.'
/home/gaofeng/OmniZip/qwen-omni-utils/src/qwen_omni_utils/v2_5/audio_process.py:85: UserWarning: PySoundFile failed. Trying audioread instead.
  librosa.load(
/home/gaofeng/anaconda3/envs/omnizip/lib/python3.10/site-packages/librosa/core/audio.py:184: FutureWarning: librosa.core.audio.__audioread_load
	Deprecated as of librosa version 0.10.0.
	It will be removed in librosa version 1.0.
  y, sr_native = __audioread_load(path, offset, duration, dtype)
Unused or unrecognized kwargs: return_tensors, images.
Unused or unrecognized kwargs: return_tensors, images.
Unused or unrecognized kwargs: return_tensors, images.
WARNING:root:System prompt modified, audio output may not work as expected. Audio output mode only works when using default system prompt 'You are Qwen, a virtual human developed by the Qwen Team, Alibaba Group, capable of perceiving auditory and visual inputs, as well as generating text and speech.'
/home/gaofeng/OmniZip/qwen-omni-utils/src/qwen_omni_utils/v2_5/audio_process.py:85: UserWarning: PySoundFile failed. Trying audioread instead.
  librosa.load(
/home/gaofeng/anaconda3/envs/omnizip/lib/python3.10/site-packages/librosa/core/audio.py:184: FutureWarning: librosa.core.audio.__audioread_load
	Deprecated as of librosa version 0.10.0.
	It will be removed in librosa version 1.0.
  y, sr_native = __audioread_load(path, offset, duration, dtype)
WARNING:root:System prompt modified, audio output may not work as expected. Audio output mode only works when using default system prompt 'You are Qwen, a virtual human developed by the Qwen Team, Alibaba Group, capable of perceiving auditory and visual inputs, as well as generating text and speech.'
/home/gaofeng/OmniZip/qwen-omni-utils/src/qwen_omni_utils/v2_5/audio_process.py:85: UserWarning: PySoundFile failed. Trying audioread instead.
  librosa.load(
/home/gaofeng/anaconda3/envs/omnizip/lib/python3.10/site-packages/librosa/core/audio.py:184: FutureWarning: librosa.core.audio.__audioread_load
	Deprecated as of librosa version 0.10.0.
	It will be removed in librosa version 1.0.
  y, sr_native = __audioread_load(path, offset, duration, dtype)
Unused or unrecognized kwargs: return_tensors, images.
Unused or unrecognized kwargs: images, return_tensors.
Unused or unrecognized kwargs: return_tensors, images.
WARNING:root:System prompt modified, audio output may not work as expected. Audio output mode only works when using default system prompt 'You are Qwen, a virtual human developed by the Qwen Team, Alibaba Group, capable of perceiving auditory and visual inputs, as well as generating text and speech.'
/home/gaofeng/OmniZip/qwen-omni-utils/src/qwen_omni_utils/v2_5/audio_process.py:85: UserWarning: PySoundFile failed. Trying audioread instead.
  librosa.load(
/home/gaofeng/anaconda3/envs/omnizip/lib/python3.10/site-packages/librosa/core/audio.py:184: FutureWarning: librosa.core.audio.__audioread_load
	Deprecated as of librosa version 0.10.0.
	It will be removed in librosa version 1.0.
  y, sr_native = __audioread_load(path, offset, duration, dtype)
WARNING:root:System prompt modified, audio output may not work as expected. Audio output mode only works when using default system prompt 'You are Qwen, a virtual human developed by the Qwen Team, Alibaba Group, capable of perceiving auditory and visual inputs, as well as generating text and speech.'
/home/gaofeng/OmniZip/qwen-omni-utils/src/qwen_omni_utils/v2_5/audio_process.py:85: UserWarning: PySoundFile failed. Trying audioread instead.
  librosa.load(
/home/gaofeng/anaconda3/envs/omnizip/lib/python3.10/site-packages/librosa/core/audio.py:184: FutureWarning: librosa.core.audio.__audioread_load
	Deprecated as of librosa version 0.10.0.
	It will be removed in librosa version 1.0.
  y, sr_native = __audioread_load(path, offset, duration, dtype)
Unused or unrecognized kwargs: return_tensors, images.
Unused or unrecognized kwargs: return_tensors, images.
WARNING:root:System prompt modified, audio output may not work as expected. Audio output mode only works when using default system prompt 'You are Qwen, a virtual human developed by the Qwen Team, Alibaba Group, capable of perceiving auditory and visual inputs, as well as generating text and speech.'
/home/gaofeng/OmniZip/qwen-omni-utils/src/qwen_omni_utils/v2_5/audio_process.py:85: UserWarning: PySoundFile failed. Trying audioread instead.
  librosa.load(
/home/gaofeng/anaconda3/envs/omnizip/lib/python3.10/site-packages/librosa/core/audio.py:184: FutureWarning: librosa.core.audio.__audioread_load
	Deprecated as of librosa version 0.10.0.
	It will be removed in librosa version 1.0.
  y, sr_native = __audioread_load(path, offset, duration, dtype)
WARNING:root:System prompt modified, audio output may not work as expected. Audio output mode only works when using default system prompt 'You are Qwen, a virtual human developed by the Qwen Team, Alibaba Group, capable of perceiving auditory and visual inputs, as well as generating text and speech.'
/home/gaofeng/OmniZip/qwen-omni-utils/src/qwen_omni_utils/v2_5/audio_process.py:85: UserWarning: PySoundFile failed. Trying audioread instead.
  librosa.load(
/home/gaofeng/anaconda3/envs/omnizip/lib/python3.10/site-packages/librosa/core/audio.py:184: FutureWarning: librosa.core.audio.__audioread_load
	Deprecated as of librosa version 0.10.0.
	It will be removed in librosa version 1.0.
  y, sr_native = __audioread_load(path, offset, duration, dtype)
WARNING:root:System prompt modified, audio output may not work as expected. Audio output mode only works when using default system prompt 'You are Qwen, a virtual human developed by the Qwen Team, Alibaba Group, capable of perceiving auditory and visual inputs, as well as generating text and speech.'
/home/gaofeng/OmniZip/qwen-omni-utils/src/qwen_omni_utils/v2_5/audio_process.py:85: UserWarning: PySoundFile failed. Trying audioread instead.
  librosa.load(
/home/gaofeng/anaconda3/envs/omnizip/lib/python3.10/site-packages/librosa/core/audio.py:184: FutureWarning: librosa.core.audio.__audioread_load
	Deprecated as of librosa version 0.10.0.
	It will be removed in librosa version 1.0.
  y, sr_native = __audioread_load(path, offset, duration, dtype)
Unused or unrecognized kwargs: return_tensors, images.
Unused or unrecognized kwargs: return_tensors, images.
Unused or unrecognized kwargs: return_tensors, images.
WARNING:root:System prompt modified, audio output may not work as expected. Audio output mode only works when using default system prompt 'You are Qwen, a virtual human developed by the Qwen Team, Alibaba Group, capable of perceiving auditory and visual inputs, as well as generating text and speech.'
/home/gaofeng/OmniZip/qwen-omni-utils/src/qwen_omni_utils/v2_5/audio_process.py:85: UserWarning: PySoundFile failed. Trying audioread instead.
  librosa.load(
/home/gaofeng/anaconda3/envs/omnizip/lib/python3.10/site-packages/librosa/core/audio.py:184: FutureWarning: librosa.core.audio.__audioread_load
	Deprecated as of librosa version 0.10.0.
	It will be removed in librosa version 1.0.
  y, sr_native = __audioread_load(path, offset, duration, dtype)
WARNING:root:System prompt modified, audio output may not work as expected. Audio output mode only works when using default system prompt 'You are Qwen, a virtual human developed by the Qwen Team, Alibaba Group, capable of perceiving auditory and visual inputs, as well as generating text and speech.'
/home/gaofeng/OmniZip/qwen-omni-utils/src/qwen_omni_utils/v2_5/audio_process.py:85: UserWarning: PySoundFile failed. Trying audioread instead.
  librosa.load(
/home/gaofeng/anaconda3/envs/omnizip/lib/python3.10/site-packages/librosa/core/audio.py:184: FutureWarning: librosa.core.audio.__audioread_load
	Deprecated as of librosa version 0.10.0.
	It will be removed in librosa version 1.0.
  y, sr_native = __audioread_load(path, offset, duration, dtype)
WARNING:root:System prompt modified, audio output may not work as expected. Audio output mode only works when using default system prompt 'You are Qwen, a virtual human developed by the Qwen Team, Alibaba Group, capable of perceiving auditory and visual inputs, as well as generating text and speech.'
/home/gaofeng/OmniZip/qwen-omni-utils/src/qwen_omni_utils/v2_5/audio_process.py:85: UserWarning: PySoundFile failed. Trying audioread instead.
  librosa.load(
/home/gaofeng/anaconda3/envs/omnizip/lib/python3.10/site-packages/librosa/core/audio.py:184: FutureWarning: librosa.core.audio.__audioread_load
	Deprecated as of librosa version 0.10.0.
	It will be removed in librosa version 1.0.
  y, sr_native = __audioread_load(path, offset, duration, dtype)
Unused or unrecognized kwargs: return_tensors, images.
Unused or unrecognized kwargs: return_tensors, images.
WARNING:root:System prompt modified, audio output may not work as expected. Audio output mode only works when using default system prompt 'You are Qwen, a virtual human developed by the Qwen Team, Alibaba Group, capable of perceiving auditory and visual inputs, as well as generating text and speech.'
/home/gaofeng/OmniZip/qwen-omni-utils/src/qwen_omni_utils/v2_5/audio_process.py:85: UserWarning: PySoundFile failed. Trying audioread instead.
  librosa.load(
/home/gaofeng/anaconda3/envs/omnizip/lib/python3.10/site-packages/librosa/core/audio.py:184: FutureWarning: librosa.core.audio.__audioread_load
	Deprecated as of librosa version 0.10.0.
	It will be removed in librosa version 1.0.
  y, sr_native = __audioread_load(path, offset, duration, dtype)
WARNING:root:System prompt modified, audio output may not work as expected. Audio output mode only works when using default system prompt 'You are Qwen, a virtual human developed by the Qwen Team, Alibaba Group, capable of perceiving auditory and visual inputs, as well as generating text and speech.'
/home/gaofeng/OmniZip/qwen-omni-utils/src/qwen_omni_utils/v2_5/audio_process.py:85: UserWarning: PySoundFile failed. Trying audioread instead.
  librosa.load(
/home/gaofeng/anaconda3/envs/omnizip/lib/python3.10/site-packages/librosa/core/audio.py:184: FutureWarning: librosa.core.audio.__audioread_load
	Deprecated as of librosa version 0.10.0.
	It will be removed in librosa version 1.0.
  y, sr_native = __audioread_load(path, offset, duration, dtype)
Unused or unrecognized kwargs: return_tensors, images.
WARNING:root:System prompt modified, audio output may not work as expected. Audio output mode only works when using default system prompt 'You are Qwen, a virtual human developed by the Qwen Team, Alibaba Group, capable of perceiving auditory and visual inputs, as well as generating text and speech.'
/home/gaofeng/OmniZip/qwen-omni-utils/src/qwen_omni_utils/v2_5/audio_process.py:85: UserWarning: PySoundFile failed. Trying audioread instead.
  librosa.load(
/home/gaofeng/anaconda3/envs/omnizip/lib/python3.10/site-packages/librosa/core/audio.py:184: FutureWarning: librosa.core.audio.__audioread_load
	Deprecated as of librosa version 0.10.0.
	It will be removed in librosa version 1.0.
  y, sr_native = __audioread_load(path, offset, duration, dtype)
Unused or unrecognized kwargs: return_tensors, images.
Unused or unrecognized kwargs: return_tensors, images.
WARNING:root:System prompt modified, audio output may not work as expected. Audio output mode only works when using default system prompt 'You are Qwen, a virtual human developed by the Qwen Team, Alibaba Group, capable of perceiving auditory and visual inputs, as well as generating text and speech.'
/home/gaofeng/OmniZip/qwen-omni-utils/src/qwen_omni_utils/v2_5/audio_process.py:85: UserWarning: PySoundFile failed. Trying audioread instead.
  librosa.load(
/home/gaofeng/anaconda3/envs/omnizip/lib/python3.10/site-packages/librosa/core/audio.py:184: FutureWarning: librosa.core.audio.__audioread_load
	Deprecated as of librosa version 0.10.0.
	It will be removed in librosa version 1.0.
  y, sr_native = __audioread_load(path, offset, duration, dtype)
Unused or unrecognized kwargs: return_tensors, images.
WARNING:root:System prompt modified, audio output may not work as expected. Audio output mode only works when using default system prompt 'You are Qwen, a virtual human developed by the Qwen Team, Alibaba Group, capable of perceiving auditory and visual inputs, as well as generating text and speech.'
/home/gaofeng/OmniZip/qwen-omni-utils/src/qwen_omni_utils/v2_5/audio_process.py:85: UserWarning: PySoundFile failed. Trying audioread instead.
  librosa.load(
/home/gaofeng/anaconda3/envs/omnizip/lib/python3.10/site-packages/librosa/core/audio.py:184: FutureWarning: librosa.core.audio.__audioread_load
	Deprecated as of librosa version 0.10.0.
	It will be removed in librosa version 1.0.
  y, sr_native = __audioread_load(path, offset, duration, dtype)
WARNING:root:System prompt modified, audio output may not work as expected. Audio output mode only works when using default system prompt 'You are Qwen, a virtual human developed by the Qwen Team, Alibaba Group, capable of perceiving auditory and visual inputs, as well as generating text and speech.'
/home/gaofeng/OmniZip/qwen-omni-utils/src/qwen_omni_utils/v2_5/audio_process.py:85: UserWarning: PySoundFile failed. Trying audioread instead.
  librosa.load(
/home/gaofeng/anaconda3/envs/omnizip/lib/python3.10/site-packages/librosa/core/audio.py:184: FutureWarning: librosa.core.audio.__audioread_load
	Deprecated as of librosa version 0.10.0.
	It will be removed in librosa version 1.0.
  y, sr_native = __audioread_load(path, offset, duration, dtype)
WARNING:root:System prompt modified, audio output may not work as expected. Audio output mode only works when using default system prompt 'You are Qwen, a virtual human developed by the Qwen Team, Alibaba Group, capable of perceiving auditory and visual inputs, as well as generating text and speech.'
/home/gaofeng/OmniZip/qwen-omni-utils/src/qwen_omni_utils/v2_5/audio_process.py:85: UserWarning: PySoundFile failed. Trying audioread instead.
  librosa.load(
/home/gaofeng/anaconda3/envs/omnizip/lib/python3.10/site-packages/librosa/core/audio.py:184: FutureWarning: librosa.core.audio.__audioread_load
	Deprecated as of librosa version 0.10.0.
	It will be removed in librosa version 1.0.
  y, sr_native = __audioread_load(path, offset, duration, dtype)
Unused or unrecognized kwargs: return_tensors, images.
Unused or unrecognized kwargs: images, return_tensors.
Unused or unrecognized kwargs: return_tensors, images.
WARNING:root:System prompt modified, audio output may not work as expected. Audio output mode only works when using default system prompt 'You are Qwen, a virtual human developed by the Qwen Team, Alibaba Group, capable of perceiving auditory and visual inputs, as well as generating text and speech.'
/home/gaofeng/OmniZip/qwen-omni-utils/src/qwen_omni_utils/v2_5/audio_process.py:85: UserWarning: PySoundFile failed. Trying audioread instead.
  librosa.load(
/home/gaofeng/anaconda3/envs/omnizip/lib/python3.10/site-packages/librosa/core/audio.py:184: FutureWarning: librosa.core.audio.__audioread_load
	Deprecated as of librosa version 0.10.0.
	It will be removed in librosa version 1.0.
  y, sr_native = __audioread_load(path, offset, duration, dtype)
Unused or unrecognized kwargs: return_tensors, images.
Unused or unrecognized kwargs: return_tensors, images.
WARNING:root:System prompt modified, audio output may not work as expected. Audio output mode only works when using default system prompt 'You are Qwen, a virtual human developed by the Qwen Team, Alibaba Group, capable of perceiving auditory and visual inputs, as well as generating text and speech.'
/home/gaofeng/OmniZip/qwen-omni-utils/src/qwen_omni_utils/v2_5/audio_process.py:85: UserWarning: PySoundFile failed. Trying audioread instead.
  librosa.load(
/home/gaofeng/anaconda3/envs/omnizip/lib/python3.10/site-packages/librosa/core/audio.py:184: FutureWarning: librosa.core.audio.__audioread_load
	Deprecated as of librosa version 0.10.0.
	It will be removed in librosa version 1.0.
  y, sr_native = __audioread_load(path, offset, duration, dtype)
WARNING:root:System prompt modified, audio output may not work as expected. Audio output mode only works when using default system prompt 'You are Qwen, a virtual human developed by the Qwen Team, Alibaba Group, capable of perceiving auditory and visual inputs, as well as generating text and speech.'
/home/gaofeng/OmniZip/qwen-omni-utils/src/qwen_omni_utils/v2_5/audio_process.py:85: UserWarning: PySoundFile failed. Trying audioread instead.
  librosa.load(
/home/gaofeng/anaconda3/envs/omnizip/lib/python3.10/site-packages/librosa/core/audio.py:184: FutureWarning: librosa.core.audio.__audioread_load
	Deprecated as of librosa version 0.10.0.
	It will be removed in librosa version 1.0.
  y, sr_native = __audioread_load(path, offset, duration, dtype)
Unused or unrecognized kwargs: return_tensors, images.
WARNING:root:System prompt modified, audio output may not work as expected. Audio output mode only works when using default system prompt 'You are Qwen, a virtual human developed by the Qwen Team, Alibaba Group, capable of perceiving auditory and visual inputs, as well as generating text and speech.'
/home/gaofeng/OmniZip/qwen-omni-utils/src/qwen_omni_utils/v2_5/audio_process.py:85: UserWarning: PySoundFile failed. Trying audioread instead.
  librosa.load(
/home/gaofeng/anaconda3/envs/omnizip/lib/python3.10/site-packages/librosa/core/audio.py:184: FutureWarning: librosa.core.audio.__audioread_load
	Deprecated as of librosa version 0.10.0.
	It will be removed in librosa version 1.0.
  y, sr_native = __audioread_load(path, offset, duration, dtype)
Unused or unrecognized kwargs: return_tensors, images.
WARNING:root:System prompt modified, audio output may not work as expected. Audio output mode only works when using default system prompt 'You are Qwen, a virtual human developed by the Qwen Team, Alibaba Group, capable of perceiving auditory and visual inputs, as well as generating text and speech.'
/home/gaofeng/OmniZip/qwen-omni-utils/src/qwen_omni_utils/v2_5/audio_process.py:85: UserWarning: PySoundFile failed. Trying audioread instead.
  librosa.load(
/home/gaofeng/anaconda3/envs/omnizip/lib/python3.10/site-packages/librosa/core/audio.py:184: FutureWarning: librosa.core.audio.__audioread_load
	Deprecated as of librosa version 0.10.0.
	It will be removed in librosa version 1.0.
  y, sr_native = __audioread_load(path, offset, duration, dtype)
Unused or unrecognized kwargs: return_tensors, images.
WARNING:root:System prompt modified, audio output may not work as expected. Audio output mode only works when using default system prompt 'You are Qwen, a virtual human developed by the Qwen Team, Alibaba Group, capable of perceiving auditory and visual inputs, as well as generating text and speech.'
/home/gaofeng/OmniZip/qwen-omni-utils/src/qwen_omni_utils/v2_5/audio_process.py:85: UserWarning: PySoundFile failed. Trying audioread instead.
  librosa.load(
/home/gaofeng/anaconda3/envs/omnizip/lib/python3.10/site-packages/librosa/core/audio.py:184: FutureWarning: librosa.core.audio.__audioread_load
	Deprecated as of librosa version 0.10.0.
	It will be removed in librosa version 1.0.
  y, sr_native = __audioread_load(path, offset, duration, dtype)
WARNING:root:System prompt modified, audio output may not work as expected. Audio output mode only works when using default system prompt 'You are Qwen, a virtual human developed by the Qwen Team, Alibaba Group, capable of perceiving auditory and visual inputs, as well as generating text and speech.'
/home/gaofeng/OmniZip/qwen-omni-utils/src/qwen_omni_utils/v2_5/audio_process.py:85: UserWarning: PySoundFile failed. Trying audioread instead.
  librosa.load(
/home/gaofeng/anaconda3/envs/omnizip/lib/python3.10/site-packages/librosa/core/audio.py:184: FutureWarning: librosa.core.audio.__audioread_load
	Deprecated as of librosa version 0.10.0.
	It will be removed in librosa version 1.0.
  y, sr_native = __audioread_load(path, offset, duration, dtype)
Unused or unrecognized kwargs: return_tensors, images.
WARNING:root:System prompt modified, audio output may not work as expected. Audio output mode only works when using default system prompt 'You are Qwen, a virtual human developed by the Qwen Team, Alibaba Group, capable of perceiving auditory and visual inputs, as well as generating text and speech.'
/home/gaofeng/OmniZip/qwen-omni-utils/src/qwen_omni_utils/v2_5/audio_process.py:85: UserWarning: PySoundFile failed. Trying audioread instead.
  librosa.load(
/home/gaofeng/anaconda3/envs/omnizip/lib/python3.10/site-packages/librosa/core/audio.py:184: FutureWarning: librosa.core.audio.__audioread_load
	Deprecated as of librosa version 0.10.0.
	It will be removed in librosa version 1.0.
  y, sr_native = __audioread_load(path, offset, duration, dtype)
Unused or unrecognized kwargs: return_tensors, images.
WARNING:root:System prompt modified, audio output may not work as expected. Audio output mode only works when using default system prompt 'You are Qwen, a virtual human developed by the Qwen Team, Alibaba Group, capable of perceiving auditory and visual inputs, as well as generating text and speech.'
/home/gaofeng/OmniZip/qwen-omni-utils/src/qwen_omni_utils/v2_5/audio_process.py:85: UserWarning: PySoundFile failed. Trying audioread instead.
  librosa.load(
/home/gaofeng/anaconda3/envs/omnizip/lib/python3.10/site-packages/librosa/core/audio.py:184: FutureWarning: librosa.core.audio.__audioread_load
	Deprecated as of librosa version 0.10.0.
	It will be removed in librosa version 1.0.
  y, sr_native = __audioread_load(path, offset, duration, dtype)
Unused or unrecognized kwargs: return_tensors, images.
Unused or unrecognized kwargs: return_tensors, images.
Unused or unrecognized kwargs: images, return_tensors.
WARNING:root:System prompt modified, audio output may not work as expected. Audio output mode only works when using default system prompt 'You are Qwen, a virtual human developed by the Qwen Team, Alibaba Group, capable of perceiving auditory and visual inputs, as well as generating text and speech.'
/home/gaofeng/OmniZip/qwen-omni-utils/src/qwen_omni_utils/v2_5/audio_process.py:85: UserWarning: PySoundFile failed. Trying audioread instead.
  librosa.load(
/home/gaofeng/anaconda3/envs/omnizip/lib/python3.10/site-packages/librosa/core/audio.py:184: FutureWarning: librosa.core.audio.__audioread_load
	Deprecated as of librosa version 0.10.0.
	It will be removed in librosa version 1.0.
  y, sr_native = __audioread_load(path, offset, duration, dtype)
WARNING:root:System prompt modified, audio output may not work as expected. Audio output mode only works when using default system prompt 'You are Qwen, a virtual human developed by the Qwen Team, Alibaba Group, capable of perceiving auditory and visual inputs, as well as generating text and speech.'
/home/gaofeng/OmniZip/qwen-omni-utils/src/qwen_omni_utils/v2_5/audio_process.py:85: UserWarning: PySoundFile failed. Trying audioread instead.
  librosa.load(
/home/gaofeng/anaconda3/envs/omnizip/lib/python3.10/site-packages/librosa/core/audio.py:184: FutureWarning: librosa.core.audio.__audioread_load
	Deprecated as of librosa version 0.10.0.
	It will be removed in librosa version 1.0.
  y, sr_native = __audioread_load(path, offset, duration, dtype)
Unused or unrecognized kwargs: return_tensors, images.
WARNING:root:System prompt modified, audio output may not work as expected. Audio output mode only works when using default system prompt 'You are Qwen, a virtual human developed by the Qwen Team, Alibaba Group, capable of perceiving auditory and visual inputs, as well as generating text and speech.'
/home/gaofeng/OmniZip/qwen-omni-utils/src/qwen_omni_utils/v2_5/audio_process.py:85: UserWarning: PySoundFile failed. Trying audioread instead.
  librosa.load(
/home/gaofeng/anaconda3/envs/omnizip/lib/python3.10/site-packages/librosa/core/audio.py:184: FutureWarning: librosa.core.audio.__audioread_load
	Deprecated as of librosa version 0.10.0.
	It will be removed in librosa version 1.0.
  y, sr_native = __audioread_load(path, offset, duration, dtype)
WARNING:root:System prompt modified, audio output may not work as expected. Audio output mode only works when using default system prompt 'You are Qwen, a virtual human developed by the Qwen Team, Alibaba Group, capable of perceiving auditory and visual inputs, as well as generating text and speech.'
/home/gaofeng/OmniZip/qwen-omni-utils/src/qwen_omni_utils/v2_5/audio_process.py:85: UserWarning: PySoundFile failed. Trying audioread instead.
  librosa.load(
/home/gaofeng/anaconda3/envs/omnizip/lib/python3.10/site-packages/librosa/core/audio.py:184: FutureWarning: librosa.core.audio.__audioread_load
	Deprecated as of librosa version 0.10.0.
	It will be removed in librosa version 1.0.
  y, sr_native = __audioread_load(path, offset, duration, dtype)
Unused or unrecognized kwargs: return_tensors, images.
Unused or unrecognized kwargs: return_tensors, images.
Unused or unrecognized kwargs: return_tensors, images.
WARNING:root:System prompt modified, audio output may not work as expected. Audio output mode only works when using default system prompt 'You are Qwen, a virtual human developed by the Qwen Team, Alibaba Group, capable of perceiving auditory and visual inputs, as well as generating text and speech.'
/home/gaofeng/OmniZip/qwen-omni-utils/src/qwen_omni_utils/v2_5/audio_process.py:85: UserWarning: PySoundFile failed. Trying audioread instead.
  librosa.load(
/home/gaofeng/anaconda3/envs/omnizip/lib/python3.10/site-packages/librosa/core/audio.py:184: FutureWarning: librosa.core.audio.__audioread_load
	Deprecated as of librosa version 0.10.0.
	It will be removed in librosa version 1.0.
  y, sr_native = __audioread_load(path, offset, duration, dtype)
WARNING:root:System prompt modified, audio output may not work as expected. Audio output mode only works when using default system prompt 'You are Qwen, a virtual human developed by the Qwen Team, Alibaba Group, capable of perceiving auditory and visual inputs, as well as generating text and speech.'
/home/gaofeng/OmniZip/qwen-omni-utils/src/qwen_omni_utils/v2_5/audio_process.py:85: UserWarning: PySoundFile failed. Trying audioread instead.
  librosa.load(
/home/gaofeng/anaconda3/envs/omnizip/lib/python3.10/site-packages/librosa/core/audio.py:184: FutureWarning: librosa.core.audio.__audioread_load
	Deprecated as of librosa version 0.10.0.
	It will be removed in librosa version 1.0.
  y, sr_native = __audioread_load(path, offset, duration, dtype)
Unused or unrecognized kwargs: return_tensors, images.
Unused or unrecognized kwargs: return_tensors, images.
WARNING:root:System prompt modified, audio output may not work as expected. Audio output mode only works when using default system prompt 'You are Qwen, a virtual human developed by the Qwen Team, Alibaba Group, capable of perceiving auditory and visual inputs, as well as generating text and speech.'
/home/gaofeng/OmniZip/qwen-omni-utils/src/qwen_omni_utils/v2_5/audio_process.py:85: UserWarning: PySoundFile failed. Trying audioread instead.
  librosa.load(
/home/gaofeng/anaconda3/envs/omnizip/lib/python3.10/site-packages/librosa/core/audio.py:184: FutureWarning: librosa.core.audio.__audioread_load
	Deprecated as of librosa version 0.10.0.
	It will be removed in librosa version 1.0.
  y, sr_native = __audioread_load(path, offset, duration, dtype)
WARNING:root:System prompt modified, audio output may not work as expected. Audio output mode only works when using default system prompt 'You are Qwen, a virtual human developed by the Qwen Team, Alibaba Group, capable of perceiving auditory and visual inputs, as well as generating text and speech.'
/home/gaofeng/OmniZip/qwen-omni-utils/src/qwen_omni_utils/v2_5/audio_process.py:85: UserWarning: PySoundFile failed. Trying audioread instead.
  librosa.load(
/home/gaofeng/anaconda3/envs/omnizip/lib/python3.10/site-packages/librosa/core/audio.py:184: FutureWarning: librosa.core.audio.__audioread_load
	Deprecated as of librosa version 0.10.0.
	It will be removed in librosa version 1.0.
  y, sr_native = __audioread_load(path, offset, duration, dtype)
Unused or unrecognized kwargs: return_tensors, images.
Unused or unrecognized kwargs: return_tensors, images.
WARNING:root:System prompt modified, audio output may not work as expected. Audio output mode only works when using default system prompt 'You are Qwen, a virtual human developed by the Qwen Team, Alibaba Group, capable of perceiving auditory and visual inputs, as well as generating text and speech.'
/home/gaofeng/OmniZip/qwen-omni-utils/src/qwen_omni_utils/v2_5/audio_process.py:85: UserWarning: PySoundFile failed. Trying audioread instead.
  librosa.load(
/home/gaofeng/anaconda3/envs/omnizip/lib/python3.10/site-packages/librosa/core/audio.py:184: FutureWarning: librosa.core.audio.__audioread_load
	Deprecated as of librosa version 0.10.0.
	It will be removed in librosa version 1.0.
  y, sr_native = __audioread_load(path, offset, duration, dtype)
WARNING:root:System prompt modified, audio output may not work as expected. Audio output mode only works when using default system prompt 'You are Qwen, a virtual human developed by the Qwen Team, Alibaba Group, capable of perceiving auditory and visual inputs, as well as generating text and speech.'
/home/gaofeng/OmniZip/qwen-omni-utils/src/qwen_omni_utils/v2_5/audio_process.py:85: UserWarning: PySoundFile failed. Trying audioread instead.
  librosa.load(
/home/gaofeng/anaconda3/envs/omnizip/lib/python3.10/site-packages/librosa/core/audio.py:184: FutureWarning: librosa.core.audio.__audioread_load
	Deprecated as of librosa version 0.10.0.
	It will be removed in librosa version 1.0.
  y, sr_native = __audioread_load(path, offset, duration, dtype)
Unused or unrecognized kwargs: return_tensors, images.
WARNING:root:System prompt modified, audio output may not work as expected. Audio output mode only works when using default system prompt 'You are Qwen, a virtual human developed by the Qwen Team, Alibaba Group, capable of perceiving auditory and visual inputs, as well as generating text and speech.'
/home/gaofeng/OmniZip/qwen-omni-utils/src/qwen_omni_utils/v2_5/audio_process.py:85: UserWarning: PySoundFile failed. Trying audioread instead.
  librosa.load(
/home/gaofeng/anaconda3/envs/omnizip/lib/python3.10/site-packages/librosa/core/audio.py:184: FutureWarning: librosa.core.audio.__audioread_load
	Deprecated as of librosa version 0.10.0.
	It will be removed in librosa version 1.0.
  y, sr_native = __audioread_load(path, offset, duration, dtype)
WARNING:root:System prompt modified, audio output may not work as expected. Audio output mode only works when using default system prompt 'You are Qwen, a virtual human developed by the Qwen Team, Alibaba Group, capable of perceiving auditory and visual inputs, as well as generating text and speech.'
/home/gaofeng/OmniZip/qwen-omni-utils/src/qwen_omni_utils/v2_5/audio_process.py:85: UserWarning: PySoundFile failed. Trying audioread instead.
  librosa.load(
/home/gaofeng/anaconda3/envs/omnizip/lib/python3.10/site-packages/librosa/core/audio.py:184: FutureWarning: librosa.core.audio.__audioread_load
	Deprecated as of librosa version 0.10.0.
	It will be removed in librosa version 1.0.
  y, sr_native = __audioread_load(path, offset, duration, dtype)
WARNING:root:System prompt modified, audio output may not work as expected. Audio output mode only works when using default system prompt 'You are Qwen, a virtual human developed by the Qwen Team, Alibaba Group, capable of perceiving auditory and visual inputs, as well as generating text and speech.'
/home/gaofeng/OmniZip/qwen-omni-utils/src/qwen_omni_utils/v2_5/audio_process.py:85: UserWarning: PySoundFile failed. Trying audioread instead.
  librosa.load(
/home/gaofeng/anaconda3/envs/omnizip/lib/python3.10/site-packages/librosa/core/audio.py:184: FutureWarning: librosa.core.audio.__audioread_load
	Deprecated as of librosa version 0.10.0.
	It will be removed in librosa version 1.0.
  y, sr_native = __audioread_load(path, offset, duration, dtype)
Unused or unrecognized kwargs: return_tensors, images.
Unused or unrecognized kwargs: images, return_tensors.
Unused or unrecognized kwargs: return_tensors, images.
WARNING:root:System prompt modified, audio output may not work as expected. Audio output mode only works when using default system prompt 'You are Qwen, a virtual human developed by the Qwen Team, Alibaba Group, capable of perceiving auditory and visual inputs, as well as generating text and speech.'
/home/gaofeng/OmniZip/qwen-omni-utils/src/qwen_omni_utils/v2_5/audio_process.py:85: UserWarning: PySoundFile failed. Trying audioread instead.
  librosa.load(
/home/gaofeng/anaconda3/envs/omnizip/lib/python3.10/site-packages/librosa/core/audio.py:184: FutureWarning: librosa.core.audio.__audioread_load
	Deprecated as of librosa version 0.10.0.
	It will be removed in librosa version 1.0.
  y, sr_native = __audioread_load(path, offset, duration, dtype)
Unused or unrecognized kwargs: return_tensors, images.
WARNING:root:System prompt modified, audio output may not work as expected. Audio output mode only works when using default system prompt 'You are Qwen, a virtual human developed by the Qwen Team, Alibaba Group, capable of perceiving auditory and visual inputs, as well as generating text and speech.'
/home/gaofeng/OmniZip/qwen-omni-utils/src/qwen_omni_utils/v2_5/audio_process.py:85: UserWarning: PySoundFile failed. Trying audioread instead.
  librosa.load(
/home/gaofeng/anaconda3/envs/omnizip/lib/python3.10/site-packages/librosa/core/audio.py:184: FutureWarning: librosa.core.audio.__audioread_load
	Deprecated as of librosa version 0.10.0.
	It will be removed in librosa version 1.0.
  y, sr_native = __audioread_load(path, offset, duration, dtype)
Unused or unrecognized kwargs: return_tensors, images.
Unused or unrecognized kwargs: return_tensors, images.
WARNING:root:System prompt modified, audio output may not work as expected. Audio output mode only works when using default system prompt 'You are Qwen, a virtual human developed by the Qwen Team, Alibaba Group, capable of perceiving auditory and visual inputs, as well as generating text and speech.'
/home/gaofeng/OmniZip/qwen-omni-utils/src/qwen_omni_utils/v2_5/audio_process.py:85: UserWarning: PySoundFile failed. Trying audioread instead.
  librosa.load(
/home/gaofeng/anaconda3/envs/omnizip/lib/python3.10/site-packages/librosa/core/audio.py:184: FutureWarning: librosa.core.audio.__audioread_load
	Deprecated as of librosa version 0.10.0.
	It will be removed in librosa version 1.0.
  y, sr_native = __audioread_load(path, offset, duration, dtype)
WARNING:root:System prompt modified, audio output may not work as expected. Audio output mode only works when using default system prompt 'You are Qwen, a virtual human developed by the Qwen Team, Alibaba Group, capable of perceiving auditory and visual inputs, as well as generating text and speech.'
/home/gaofeng/OmniZip/qwen-omni-utils/src/qwen_omni_utils/v2_5/audio_process.py:85: UserWarning: PySoundFile failed. Trying audioread instead.
  librosa.load(
/home/gaofeng/anaconda3/envs/omnizip/lib/python3.10/site-packages/librosa/core/audio.py:184: FutureWarning: librosa.core.audio.__audioread_load
	Deprecated as of librosa version 0.10.0.
	It will be removed in librosa version 1.0.
  y, sr_native = __audioread_load(path, offset, duration, dtype)
WARNING:root:System prompt modified, audio output may not work as expected. Audio output mode only works when using default system prompt 'You are Qwen, a virtual human developed by the Qwen Team, Alibaba Group, capable of perceiving auditory and visual inputs, as well as generating text and speech.'
/home/gaofeng/OmniZip/qwen-omni-utils/src/qwen_omni_utils/v2_5/audio_process.py:85: UserWarning: PySoundFile failed. Trying audioread instead.
  librosa.load(
/home/gaofeng/anaconda3/envs/omnizip/lib/python3.10/site-packages/librosa/core/audio.py:184: FutureWarning: librosa.core.audio.__audioread_load
	Deprecated as of librosa version 0.10.0.
	It will be removed in librosa version 1.0.
  y, sr_native = __audioread_load(path, offset, duration, dtype)
Unused or unrecognized kwargs: return_tensors, images.
WARNING:root:System prompt modified, audio output may not work as expected. Audio output mode only works when using default system prompt 'You are Qwen, a virtual human developed by the Qwen Team, Alibaba Group, capable of perceiving auditory and visual inputs, as well as generating text and speech.'
/home/gaofeng/OmniZip/qwen-omni-utils/src/qwen_omni_utils/v2_5/audio_process.py:85: UserWarning: PySoundFile failed. Trying audioread instead.
  librosa.load(
/home/gaofeng/anaconda3/envs/omnizip/lib/python3.10/site-packages/librosa/core/audio.py:184: FutureWarning: librosa.core.audio.__audioread_load
	Deprecated as of librosa version 0.10.0.
	It will be removed in librosa version 1.0.
  y, sr_native = __audioread_load(path, offset, duration, dtype)
Unused or unrecognized kwargs: return_tensors, images.
Unused or unrecognized kwargs: images, return_tensors.
Unused or unrecognized kwargs: return_tensors, images.
WARNING:root:System prompt modified, audio output may not work as expected. Audio output mode only works when using default system prompt 'You are Qwen, a virtual human developed by the Qwen Team, Alibaba Group, capable of perceiving auditory and visual inputs, as well as generating text and speech.'
/home/gaofeng/OmniZip/qwen-omni-utils/src/qwen_omni_utils/v2_5/audio_process.py:85: UserWarning: PySoundFile failed. Trying audioread instead.
  librosa.load(
/home/gaofeng/anaconda3/envs/omnizip/lib/python3.10/site-packages/librosa/core/audio.py:184: FutureWarning: librosa.core.audio.__audioread_load
	Deprecated as of librosa version 0.10.0.
	It will be removed in librosa version 1.0.
  y, sr_native = __audioread_load(path, offset, duration, dtype)
Unused or unrecognized kwargs: return_tensors, images.
WARNING:root:System prompt modified, audio output may not work as expected. Audio output mode only works when using default system prompt 'You are Qwen, a virtual human developed by the Qwen Team, Alibaba Group, capable of perceiving auditory and visual inputs, as well as generating text and speech.'
/home/gaofeng/OmniZip/qwen-omni-utils/src/qwen_omni_utils/v2_5/audio_process.py:85: UserWarning: PySoundFile failed. Trying audioread instead.
  librosa.load(
/home/gaofeng/anaconda3/envs/omnizip/lib/python3.10/site-packages/librosa/core/audio.py:184: FutureWarning: librosa.core.audio.__audioread_load
	Deprecated as of librosa version 0.10.0.
	It will be removed in librosa version 1.0.
  y, sr_native = __audioread_load(path, offset, duration, dtype)
WARNING:root:System prompt modified, audio output may not work as expected. Audio output mode only works when using default system prompt 'You are Qwen, a virtual human developed by the Qwen Team, Alibaba Group, capable of perceiving auditory and visual inputs, as well as generating text and speech.'
/home/gaofeng/OmniZip/qwen-omni-utils/src/qwen_omni_utils/v2_5/audio_process.py:85: UserWarning: PySoundFile failed. Trying audioread instead.
  librosa.load(
/home/gaofeng/anaconda3/envs/omnizip/lib/python3.10/site-packages/librosa/core/audio.py:184: FutureWarning: librosa.core.audio.__audioread_load
	Deprecated as of librosa version 0.10.0.
	It will be removed in librosa version 1.0.
  y, sr_native = __audioread_load(path, offset, duration, dtype)
WARNING:root:System prompt modified, audio output may not work as expected. Audio output mode only works when using default system prompt 'You are Qwen, a virtual human developed by the Qwen Team, Alibaba Group, capable of perceiving auditory and visual inputs, as well as generating text and speech.'
/home/gaofeng/OmniZip/qwen-omni-utils/src/qwen_omni_utils/v2_5/audio_process.py:85: UserWarning: PySoundFile failed. Trying audioread instead.
  librosa.load(
/home/gaofeng/anaconda3/envs/omnizip/lib/python3.10/site-packages/librosa/core/audio.py:184: FutureWarning: librosa.core.audio.__audioread_load
	Deprecated as of librosa version 0.10.0.
	It will be removed in librosa version 1.0.
  y, sr_native = __audioread_load(path, offset, duration, dtype)
WARNING:root:System prompt modified, audio output may not work as expected. Audio output mode only works when using default system prompt 'You are Qwen, a virtual human developed by the Qwen Team, Alibaba Group, capable of perceiving auditory and visual inputs, as well as generating text and speech.'
/home/gaofeng/OmniZip/qwen-omni-utils/src/qwen_omni_utils/v2_5/audio_process.py:85: UserWarning: PySoundFile failed. Trying audioread instead.
  librosa.load(
/home/gaofeng/anaconda3/envs/omnizip/lib/python3.10/site-packages/librosa/core/audio.py:184: FutureWarning: librosa.core.audio.__audioread_load
	Deprecated as of librosa version 0.10.0.
	It will be removed in librosa version 1.0.
  y, sr_native = __audioread_load(path, offset, duration, dtype)
Unused or unrecognized kwargs: return_tensors, images.
Unused or unrecognized kwargs: images, return_tensors.
Unused or unrecognized kwargs: return_tensors, images.
WARNING:root:System prompt modified, audio output may not work as expected. Audio output mode only works when using default system prompt 'You are Qwen, a virtual human developed by the Qwen Team, Alibaba Group, capable of perceiving auditory and visual inputs, as well as generating text and speech.'
/home/gaofeng/OmniZip/qwen-omni-utils/src/qwen_omni_utils/v2_5/audio_process.py:85: UserWarning: PySoundFile failed. Trying audioread instead.
  librosa.load(
/home/gaofeng/anaconda3/envs/omnizip/lib/python3.10/site-packages/librosa/core/audio.py:184: FutureWarning: librosa.core.audio.__audioread_load
	Deprecated as of librosa version 0.10.0.
	It will be removed in librosa version 1.0.
  y, sr_native = __audioread_load(path, offset, duration, dtype)
WARNING:root:System prompt modified, audio output may not work as expected. Audio output mode only works when using default system prompt 'You are Qwen, a virtual human developed by the Qwen Team, Alibaba Group, capable of perceiving auditory and visual inputs, as well as generating text and speech.'
/home/gaofeng/OmniZip/qwen-omni-utils/src/qwen_omni_utils/v2_5/audio_process.py:85: UserWarning: PySoundFile failed. Trying audioread instead.
  librosa.load(
/home/gaofeng/anaconda3/envs/omnizip/lib/python3.10/site-packages/librosa/core/audio.py:184: FutureWarning: librosa.core.audio.__audioread_load
	Deprecated as of librosa version 0.10.0.
	It will be removed in librosa version 1.0.
  y, sr_native = __audioread_load(path, offset, duration, dtype)
WARNING:root:System prompt modified, audio output may not work as expected. Audio output mode only works when using default system prompt 'You are Qwen, a virtual human developed by the Qwen Team, Alibaba Group, capable of perceiving auditory and visual inputs, as well as generating text and speech.'
/home/gaofeng/OmniZip/qwen-omni-utils/src/qwen_omni_utils/v2_5/audio_process.py:85: UserWarning: PySoundFile failed. Trying audioread instead.
  librosa.load(
/home/gaofeng/anaconda3/envs/omnizip/lib/python3.10/site-packages/librosa/core/audio.py:184: FutureWarning: librosa.core.audio.__audioread_load
	Deprecated as of librosa version 0.10.0.
	It will be removed in librosa version 1.0.
  y, sr_native = __audioread_load(path, offset, duration, dtype)
Unused or unrecognized kwargs: return_tensors, images.
Unused or unrecognized kwargs: images, return_tensors.
Unused or unrecognized kwargs: return_tensors, images.
Unused or unrecognized kwargs: return_tensors, images.
WARNING:root:System prompt modified, audio output may not work as expected. Audio output mode only works when using default system prompt 'You are Qwen, a virtual human developed by the Qwen Team, Alibaba Group, capable of perceiving auditory and visual inputs, as well as generating text and speech.'
/home/gaofeng/OmniZip/qwen-omni-utils/src/qwen_omni_utils/v2_5/audio_process.py:85: UserWarning: PySoundFile failed. Trying audioread instead.
  librosa.load(
/home/gaofeng/anaconda3/envs/omnizip/lib/python3.10/site-packages/librosa/core/audio.py:184: FutureWarning: librosa.core.audio.__audioread_load
	Deprecated as of librosa version 0.10.0.
	It will be removed in librosa version 1.0.
  y, sr_native = __audioread_load(path, offset, duration, dtype)
WARNING:root:System prompt modified, audio output may not work as expected. Audio output mode only works when using default system prompt 'You are Qwen, a virtual human developed by the Qwen Team, Alibaba Group, capable of perceiving auditory and visual inputs, as well as generating text and speech.'
/home/gaofeng/OmniZip/qwen-omni-utils/src/qwen_omni_utils/v2_5/audio_process.py:85: UserWarning: PySoundFile failed. Trying audioread instead.
  librosa.load(
/home/gaofeng/anaconda3/envs/omnizip/lib/python3.10/site-packages/librosa/core/audio.py:184: FutureWarning: librosa.core.audio.__audioread_load
	Deprecated as of librosa version 0.10.0.
	It will be removed in librosa version 1.0.
  y, sr_native = __audioread_load(path, offset, duration, dtype)
WARNING:root:System prompt modified, audio output may not work as expected. Audio output mode only works when using default system prompt 'You are Qwen, a virtual human developed by the Qwen Team, Alibaba Group, capable of perceiving auditory and visual inputs, as well as generating text and speech.'
/home/gaofeng/OmniZip/qwen-omni-utils/src/qwen_omni_utils/v2_5/audio_process.py:85: UserWarning: PySoundFile failed. Trying audioread instead.
  librosa.load(
/home/gaofeng/anaconda3/envs/omnizip/lib/python3.10/site-packages/librosa/core/audio.py:184: FutureWarning: librosa.core.audio.__audioread_load
	Deprecated as of librosa version 0.10.0.
	It will be removed in librosa version 1.0.
  y, sr_native = __audioread_load(path, offset, duration, dtype)
Unused or unrecognized kwargs: images, return_tensors.
Unused or unrecognized kwargs: return_tensors, images.
WARNING:root:System prompt modified, audio output may not work as expected. Audio output mode only works when using default system prompt 'You are Qwen, a virtual human developed by the Qwen Team, Alibaba Group, capable of perceiving auditory and visual inputs, as well as generating text and speech.'
/home/gaofeng/OmniZip/qwen-omni-utils/src/qwen_omni_utils/v2_5/audio_process.py:85: UserWarning: PySoundFile failed. Trying audioread instead.
  librosa.load(
/home/gaofeng/anaconda3/envs/omnizip/lib/python3.10/site-packages/librosa/core/audio.py:184: FutureWarning: librosa.core.audio.__audioread_load
	Deprecated as of librosa version 0.10.0.
	It will be removed in librosa version 1.0.
  y, sr_native = __audioread_load(path, offset, duration, dtype)
WARNING:root:System prompt modified, audio output may not work as expected. Audio output mode only works when using default system prompt 'You are Qwen, a virtual human developed by the Qwen Team, Alibaba Group, capable of perceiving auditory and visual inputs, as well as generating text and speech.'
/home/gaofeng/OmniZip/qwen-omni-utils/src/qwen_omni_utils/v2_5/audio_process.py:85: UserWarning: PySoundFile failed. Trying audioread instead.
  librosa.load(
/home/gaofeng/anaconda3/envs/omnizip/lib/python3.10/site-packages/librosa/core/audio.py:184: FutureWarning: librosa.core.audio.__audioread_load
	Deprecated as of librosa version 0.10.0.
	It will be removed in librosa version 1.0.
  y, sr_native = __audioread_load(path, offset, duration, dtype)
Unused or unrecognized kwargs: return_tensors, images.
Unused or unrecognized kwargs: images, return_tensors.
Unused or unrecognized kwargs: return_tensors, images.
WARNING:root:System prompt modified, audio output may not work as expected. Audio output mode only works when using default system prompt 'You are Qwen, a virtual human developed by the Qwen Team, Alibaba Group, capable of perceiving auditory and visual inputs, as well as generating text and speech.'
/home/gaofeng/OmniZip/qwen-omni-utils/src/qwen_omni_utils/v2_5/audio_process.py:85: UserWarning: PySoundFile failed. Trying audioread instead.
  librosa.load(
/home/gaofeng/anaconda3/envs/omnizip/lib/python3.10/site-packages/librosa/core/audio.py:184: FutureWarning: librosa.core.audio.__audioread_load
	Deprecated as of librosa version 0.10.0.
	It will be removed in librosa version 1.0.
  y, sr_native = __audioread_load(path, offset, duration, dtype)
WARNING:root:System prompt modified, audio output may not work as expected. Audio output mode only works when using default system prompt 'You are Qwen, a virtual human developed by the Qwen Team, Alibaba Group, capable of perceiving auditory and visual inputs, as well as generating text and speech.'
/home/gaofeng/OmniZip/qwen-omni-utils/src/qwen_omni_utils/v2_5/audio_process.py:85: UserWarning: PySoundFile failed. Trying audioread instead.
  librosa.load(
/home/gaofeng/anaconda3/envs/omnizip/lib/python3.10/site-packages/librosa/core/audio.py:184: FutureWarning: librosa.core.audio.__audioread_load
	Deprecated as of librosa version 0.10.0.
	It will be removed in librosa version 1.0.
  y, sr_native = __audioread_load(path, offset, duration, dtype)
Unused or unrecognized kwargs: images, return_tensors.
Unused or unrecognized kwargs: return_tensors, images.
WARNING:root:System prompt modified, audio output may not work as expected. Audio output mode only works when using default system prompt 'You are Qwen, a virtual human developed by the Qwen Team, Alibaba Group, capable of perceiving auditory and visual inputs, as well as generating text and speech.'
/home/gaofeng/OmniZip/qwen-omni-utils/src/qwen_omni_utils/v2_5/audio_process.py:85: UserWarning: PySoundFile failed. Trying audioread instead.
  librosa.load(
/home/gaofeng/anaconda3/envs/omnizip/lib/python3.10/site-packages/librosa/core/audio.py:184: FutureWarning: librosa.core.audio.__audioread_load
	Deprecated as of librosa version 0.10.0.
	It will be removed in librosa version 1.0.
  y, sr_native = __audioread_load(path, offset, duration, dtype)
WARNING:root:System prompt modified, audio output may not work as expected. Audio output mode only works when using default system prompt 'You are Qwen, a virtual human developed by the Qwen Team, Alibaba Group, capable of perceiving auditory and visual inputs, as well as generating text and speech.'
/home/gaofeng/OmniZip/qwen-omni-utils/src/qwen_omni_utils/v2_5/audio_process.py:85: UserWarning: PySoundFile failed. Trying audioread instead.
  librosa.load(
/home/gaofeng/anaconda3/envs/omnizip/lib/python3.10/site-packages/librosa/core/audio.py:184: FutureWarning: librosa.core.audio.__audioread_load
	Deprecated as of librosa version 0.10.0.
	It will be removed in librosa version 1.0.
  y, sr_native = __audioread_load(path, offset, duration, dtype)
WARNING:root:System prompt modified, audio output may not work as expected. Audio output mode only works when using default system prompt 'You are Qwen, a virtual human developed by the Qwen Team, Alibaba Group, capable of perceiving auditory and visual inputs, as well as generating text and speech.'
/home/gaofeng/OmniZip/qwen-omni-utils/src/qwen_omni_utils/v2_5/audio_process.py:85: UserWarning: PySoundFile failed. Trying audioread instead.
  librosa.load(
/home/gaofeng/anaconda3/envs/omnizip/lib/python3.10/site-packages/librosa/core/audio.py:184: FutureWarning: librosa.core.audio.__audioread_load
	Deprecated as of librosa version 0.10.0.
	It will be removed in librosa version 1.0.
  y, sr_native = __audioread_load(path, offset, duration, dtype)
Unused or unrecognized kwargs: images, return_tensors.
WARNING:root:System prompt modified, audio output may not work as expected. Audio output mode only works when using default system prompt 'You are Qwen, a virtual human developed by the Qwen Team, Alibaba Group, capable of perceiving auditory and visual inputs, as well as generating text and speech.'
/home/gaofeng/OmniZip/qwen-omni-utils/src/qwen_omni_utils/v2_5/audio_process.py:85: UserWarning: PySoundFile failed. Trying audioread instead.
  librosa.load(
/home/gaofeng/anaconda3/envs/omnizip/lib/python3.10/site-packages/librosa/core/audio.py:184: FutureWarning: librosa.core.audio.__audioread_load
	Deprecated as of librosa version 0.10.0.
	It will be removed in librosa version 1.0.
  y, sr_native = __audioread_load(path, offset, duration, dtype)
WARNING:root:System prompt modified, audio output may not work as expected. Audio output mode only works when using default system prompt 'You are Qwen, a virtual human developed by the Qwen Team, Alibaba Group, capable of perceiving auditory and visual inputs, as well as generating text and speech.'
/home/gaofeng/OmniZip/qwen-omni-utils/src/qwen_omni_utils/v2_5/audio_process.py:85: UserWarning: PySoundFile failed. Trying audioread instead.
  librosa.load(
/home/gaofeng/anaconda3/envs/omnizip/lib/python3.10/site-packages/librosa/core/audio.py:184: FutureWarning: librosa.core.audio.__audioread_load
	Deprecated as of librosa version 0.10.0.
	It will be removed in librosa version 1.0.
  y, sr_native = __audioread_load(path, offset, duration, dtype)
Unused or unrecognized kwargs: return_tensors, images.
Unused or unrecognized kwargs: return_tensors, images.
WARNING:root:System prompt modified, audio output may not work as expected. Audio output mode only works when using default system prompt 'You are Qwen, a virtual human developed by the Qwen Team, Alibaba Group, capable of perceiving auditory and visual inputs, as well as generating text and speech.'
/home/gaofeng/OmniZip/qwen-omni-utils/src/qwen_omni_utils/v2_5/audio_process.py:85: UserWarning: PySoundFile failed. Trying audioread instead.
  librosa.load(
/home/gaofeng/anaconda3/envs/omnizip/lib/python3.10/site-packages/librosa/core/audio.py:184: FutureWarning: librosa.core.audio.__audioread_load
	Deprecated as of librosa version 0.10.0.
	It will be removed in librosa version 1.0.
  y, sr_native = __audioread_load(path, offset, duration, dtype)
WARNING:root:System prompt modified, audio output may not work as expected. Audio output mode only works when using default system prompt 'You are Qwen, a virtual human developed by the Qwen Team, Alibaba Group, capable of perceiving auditory and visual inputs, as well as generating text and speech.'
/home/gaofeng/OmniZip/qwen-omni-utils/src/qwen_omni_utils/v2_5/audio_process.py:85: UserWarning: PySoundFile failed. Trying audioread instead.
  librosa.load(
/home/gaofeng/anaconda3/envs/omnizip/lib/python3.10/site-packages/librosa/core/audio.py:184: FutureWarning: librosa.core.audio.__audioread_load
	Deprecated as of librosa version 0.10.0.
	It will be removed in librosa version 1.0.
  y, sr_native = __audioread_load(path, offset, duration, dtype)
Unused or unrecognized kwargs: return_tensors, images.
Unused or unrecognized kwargs: return_tensors, images.
Unused or unrecognized kwargs: images, return_tensors.
Unused or unrecognized kwargs: return_tensors, images.
WARNING:root:System prompt modified, audio output may not work as expected. Audio output mode only works when using default system prompt 'You are Qwen, a virtual human developed by the Qwen Team, Alibaba Group, capable of perceiving auditory and visual inputs, as well as generating text and speech.'
/home/gaofeng/OmniZip/qwen-omni-utils/src/qwen_omni_utils/v2_5/audio_process.py:85: UserWarning: PySoundFile failed. Trying audioread instead.
  librosa.load(
/home/gaofeng/anaconda3/envs/omnizip/lib/python3.10/site-packages/librosa/core/audio.py:184: FutureWarning: librosa.core.audio.__audioread_load
	Deprecated as of librosa version 0.10.0.
	It will be removed in librosa version 1.0.
  y, sr_native = __audioread_load(path, offset, duration, dtype)
Unused or unrecognized kwargs: return_tensors, images.
WARNING:root:System prompt modified, audio output may not work as expected. Audio output mode only works when using default system prompt 'You are Qwen, a virtual human developed by the Qwen Team, Alibaba Group, capable of perceiving auditory and visual inputs, as well as generating text and speech.'
/home/gaofeng/OmniZip/qwen-omni-utils/src/qwen_omni_utils/v2_5/audio_process.py:85: UserWarning: PySoundFile failed. Trying audioread instead.
  librosa.load(
/home/gaofeng/anaconda3/envs/omnizip/lib/python3.10/site-packages/librosa/core/audio.py:184: FutureWarning: librosa.core.audio.__audioread_load
	Deprecated as of librosa version 0.10.0.
	It will be removed in librosa version 1.0.
  y, sr_native = __audioread_load(path, offset, duration, dtype)
WARNING:root:System prompt modified, audio output may not work as expected. Audio output mode only works when using default system prompt 'You are Qwen, a virtual human developed by the Qwen Team, Alibaba Group, capable of perceiving auditory and visual inputs, as well as generating text and speech.'
/home/gaofeng/OmniZip/qwen-omni-utils/src/qwen_omni_utils/v2_5/audio_process.py:85: UserWarning: PySoundFile failed. Trying audioread instead.
  librosa.load(
/home/gaofeng/anaconda3/envs/omnizip/lib/python3.10/site-packages/librosa/core/audio.py:184: FutureWarning: librosa.core.audio.__audioread_load
	Deprecated as of librosa version 0.10.0.
	It will be removed in librosa version 1.0.
  y, sr_native = __audioread_load(path, offset, duration, dtype)
WARNING:root:System prompt modified, audio output may not work as expected. Audio output mode only works when using default system prompt 'You are Qwen, a virtual human developed by the Qwen Team, Alibaba Group, capable of perceiving auditory and visual inputs, as well as generating text and speech.'
/home/gaofeng/OmniZip/qwen-omni-utils/src/qwen_omni_utils/v2_5/audio_process.py:85: UserWarning: PySoundFile failed. Trying audioread instead.
  librosa.load(
/home/gaofeng/anaconda3/envs/omnizip/lib/python3.10/site-packages/librosa/core/audio.py:184: FutureWarning: librosa.core.audio.__audioread_load
	Deprecated as of librosa version 0.10.0.
	It will be removed in librosa version 1.0.
  y, sr_native = __audioread_load(path, offset, duration, dtype)
WARNING:root:System prompt modified, audio output may not work as expected. Audio output mode only works when using default system prompt 'You are Qwen, a virtual human developed by the Qwen Team, Alibaba Group, capable of perceiving auditory and visual inputs, as well as generating text and speech.'
/home/gaofeng/OmniZip/qwen-omni-utils/src/qwen_omni_utils/v2_5/audio_process.py:85: UserWarning: PySoundFile failed. Trying audioread instead.
  librosa.load(
/home/gaofeng/anaconda3/envs/omnizip/lib/python3.10/site-packages/librosa/core/audio.py:184: FutureWarning: librosa.core.audio.__audioread_load
	Deprecated as of librosa version 0.10.0.
	It will be removed in librosa version 1.0.
  y, sr_native = __audioread_load(path, offset, duration, dtype)
Unused or unrecognized kwargs: return_tensors, images.
Unused or unrecognized kwargs: return_tensors, images.
WARNING:root:System prompt modified, audio output may not work as expected. Audio output mode only works when using default system prompt 'You are Qwen, a virtual human developed by the Qwen Team, Alibaba Group, capable of perceiving auditory and visual inputs, as well as generating text and speech.'
/home/gaofeng/OmniZip/qwen-omni-utils/src/qwen_omni_utils/v2_5/audio_process.py:85: UserWarning: PySoundFile failed. Trying audioread instead.
  librosa.load(
/home/gaofeng/anaconda3/envs/omnizip/lib/python3.10/site-packages/librosa/core/audio.py:184: FutureWarning: librosa.core.audio.__audioread_load
	Deprecated as of librosa version 0.10.0.
	It will be removed in librosa version 1.0.
  y, sr_native = __audioread_load(path, offset, duration, dtype)
Unused or unrecognized kwargs: return_tensors, images.
Unused or unrecognized kwargs: return_tensors, images.
WARNING:root:System prompt modified, audio output may not work as expected. Audio output mode only works when using default system prompt 'You are Qwen, a virtual human developed by the Qwen Team, Alibaba Group, capable of perceiving auditory and visual inputs, as well as generating text and speech.'
/home/gaofeng/OmniZip/qwen-omni-utils/src/qwen_omni_utils/v2_5/audio_process.py:85: UserWarning: PySoundFile failed. Trying audioread instead.
  librosa.load(
/home/gaofeng/anaconda3/envs/omnizip/lib/python3.10/site-packages/librosa/core/audio.py:184: FutureWarning: librosa.core.audio.__audioread_load
	Deprecated as of librosa version 0.10.0.
	It will be removed in librosa version 1.0.
  y, sr_native = __audioread_load(path, offset, duration, dtype)
Unused or unrecognized kwargs: images, return_tensors.
Unused or unrecognized kwargs: return_tensors, images.
WARNING:root:System prompt modified, audio output may not work as expected. Audio output mode only works when using default system prompt 'You are Qwen, a virtual human developed by the Qwen Team, Alibaba Group, capable of perceiving auditory and visual inputs, as well as generating text and speech.'
/home/gaofeng/OmniZip/qwen-omni-utils/src/qwen_omni_utils/v2_5/audio_process.py:85: UserWarning: PySoundFile failed. Trying audioread instead.
  librosa.load(
/home/gaofeng/anaconda3/envs/omnizip/lib/python3.10/site-packages/librosa/core/audio.py:184: FutureWarning: librosa.core.audio.__audioread_load
	Deprecated as of librosa version 0.10.0.
	It will be removed in librosa version 1.0.
  y, sr_native = __audioread_load(path, offset, duration, dtype)
WARNING:root:System prompt modified, audio output may not work as expected. Audio output mode only works when using default system prompt 'You are Qwen, a virtual human developed by the Qwen Team, Alibaba Group, capable of perceiving auditory and visual inputs, as well as generating text and speech.'
/home/gaofeng/OmniZip/qwen-omni-utils/src/qwen_omni_utils/v2_5/audio_process.py:85: UserWarning: PySoundFile failed. Trying audioread instead.
  librosa.load(
/home/gaofeng/anaconda3/envs/omnizip/lib/python3.10/site-packages/librosa/core/audio.py:184: FutureWarning: librosa.core.audio.__audioread_load
	Deprecated as of librosa version 0.10.0.
	It will be removed in librosa version 1.0.
  y, sr_native = __audioread_load(path, offset, duration, dtype)
Unused or unrecognized kwargs: return_tensors, images.
Unused or unrecognized kwargs: return_tensors, images.
WARNING:root:System prompt modified, audio output may not work as expected. Audio output mode only works when using default system prompt 'You are Qwen, a virtual human developed by the Qwen Team, Alibaba Group, capable of perceiving auditory and visual inputs, as well as generating text and speech.'
/home/gaofeng/OmniZip/qwen-omni-utils/src/qwen_omni_utils/v2_5/audio_process.py:85: UserWarning: PySoundFile failed. Trying audioread instead.
  librosa.load(
/home/gaofeng/anaconda3/envs/omnizip/lib/python3.10/site-packages/librosa/core/audio.py:184: FutureWarning: librosa.core.audio.__audioread_load
	Deprecated as of librosa version 0.10.0.
	It will be removed in librosa version 1.0.
  y, sr_native = __audioread_load(path, offset, duration, dtype)
Unused or unrecognized kwargs: return_tensors, images.
WARNING:root:System prompt modified, audio output may not work as expected. Audio output mode only works when using default system prompt 'You are Qwen, a virtual human developed by the Qwen Team, Alibaba Group, capable of perceiving auditory and visual inputs, as well as generating text and speech.'
/home/gaofeng/OmniZip/qwen-omni-utils/src/qwen_omni_utils/v2_5/audio_process.py:85: UserWarning: PySoundFile failed. Trying audioread instead.
  librosa.load(
/home/gaofeng/anaconda3/envs/omnizip/lib/python3.10/site-packages/librosa/core/audio.py:184: FutureWarning: librosa.core.audio.__audioread_load
	Deprecated as of librosa version 0.10.0.
	It will be removed in librosa version 1.0.
  y, sr_native = __audioread_load(path, offset, duration, dtype)
WARNING:root:System prompt modified, audio output may not work as expected. Audio output mode only works when using default system prompt 'You are Qwen, a virtual human developed by the Qwen Team, Alibaba Group, capable of perceiving auditory and visual inputs, as well as generating text and speech.'
/home/gaofeng/OmniZip/qwen-omni-utils/src/qwen_omni_utils/v2_5/audio_process.py:85: UserWarning: PySoundFile failed. Trying audioread instead.
  librosa.load(
/home/gaofeng/anaconda3/envs/omnizip/lib/python3.10/site-packages/librosa/core/audio.py:184: FutureWarning: librosa.core.audio.__audioread_load
	Deprecated as of librosa version 0.10.0.
	It will be removed in librosa version 1.0.
  y, sr_native = __audioread_load(path, offset, duration, dtype)
WARNING:root:System prompt modified, audio output may not work as expected. Audio output mode only works when using default system prompt 'You are Qwen, a virtual human developed by the Qwen Team, Alibaba Group, capable of perceiving auditory and visual inputs, as well as generating text and speech.'
/home/gaofeng/OmniZip/qwen-omni-utils/src/qwen_omni_utils/v2_5/audio_process.py:85: UserWarning: PySoundFile failed. Trying audioread instead.
  librosa.load(
/home/gaofeng/anaconda3/envs/omnizip/lib/python3.10/site-packages/librosa/core/audio.py:184: FutureWarning: librosa.core.audio.__audioread_load
	Deprecated as of librosa version 0.10.0.
	It will be removed in librosa version 1.0.
  y, sr_native = __audioread_load(path, offset, duration, dtype)
Unused or unrecognized kwargs: return_tensors, images.
WARNING:root:System prompt modified, audio output may not work as expected. Audio output mode only works when using default system prompt 'You are Qwen, a virtual human developed by the Qwen Team, Alibaba Group, capable of perceiving auditory and visual inputs, as well as generating text and speech.'
/home/gaofeng/OmniZip/qwen-omni-utils/src/qwen_omni_utils/v2_5/audio_process.py:85: UserWarning: PySoundFile failed. Trying audioread instead.
  librosa.load(
/home/gaofeng/anaconda3/envs/omnizip/lib/python3.10/site-packages/librosa/core/audio.py:184: FutureWarning: librosa.core.audio.__audioread_load
	Deprecated as of librosa version 0.10.0.
	It will be removed in librosa version 1.0.
  y, sr_native = __audioread_load(path, offset, duration, dtype)
WARNING:root:System prompt modified, audio output may not work as expected. Audio output mode only works when using default system prompt 'You are Qwen, a virtual human developed by the Qwen Team, Alibaba Group, capable of perceiving auditory and visual inputs, as well as generating text and speech.'
/home/gaofeng/OmniZip/qwen-omni-utils/src/qwen_omni_utils/v2_5/audio_process.py:85: UserWarning: PySoundFile failed. Trying audioread instead.
  librosa.load(
/home/gaofeng/anaconda3/envs/omnizip/lib/python3.10/site-packages/librosa/core/audio.py:184: FutureWarning: librosa.core.audio.__audioread_load
	Deprecated as of librosa version 0.10.0.
	It will be removed in librosa version 1.0.
  y, sr_native = __audioread_load(path, offset, duration, dtype)
Unused or unrecognized kwargs: return_tensors, images.
Unused or unrecognized kwargs: return_tensors, images.
WARNING:root:System prompt modified, audio output may not work as expected. Audio output mode only works when using default system prompt 'You are Qwen, a virtual human developed by the Qwen Team, Alibaba Group, capable of perceiving auditory and visual inputs, as well as generating text and speech.'
/home/gaofeng/OmniZip/qwen-omni-utils/src/qwen_omni_utils/v2_5/audio_process.py:85: UserWarning: PySoundFile failed. Trying audioread instead.
  librosa.load(
/home/gaofeng/anaconda3/envs/omnizip/lib/python3.10/site-packages/librosa/core/audio.py:184: FutureWarning: librosa.core.audio.__audioread_load
	Deprecated as of librosa version 0.10.0.
	It will be removed in librosa version 1.0.
  y, sr_native = __audioread_load(path, offset, duration, dtype)
Unused or unrecognized kwargs: return_tensors, images.
WARNING:root:System prompt modified, audio output may not work as expected. Audio output mode only works when using default system prompt 'You are Qwen, a virtual human developed by the Qwen Team, Alibaba Group, capable of perceiving auditory and visual inputs, as well as generating text and speech.'
/home/gaofeng/OmniZip/qwen-omni-utils/src/qwen_omni_utils/v2_5/audio_process.py:85: UserWarning: PySoundFile failed. Trying audioread instead.
  librosa.load(
/home/gaofeng/anaconda3/envs/omnizip/lib/python3.10/site-packages/librosa/core/audio.py:184: FutureWarning: librosa.core.audio.__audioread_load
	Deprecated as of librosa version 0.10.0.
	It will be removed in librosa version 1.0.
  y, sr_native = __audioread_load(path, offset, duration, dtype)
Unused or unrecognized kwargs: images, return_tensors.
Unused or unrecognized kwargs: return_tensors, images.
WARNING:root:System prompt modified, audio output may not work as expected. Audio output mode only works when using default system prompt 'You are Qwen, a virtual human developed by the Qwen Team, Alibaba Group, capable of perceiving auditory and visual inputs, as well as generating text and speech.'
/home/gaofeng/OmniZip/qwen-omni-utils/src/qwen_omni_utils/v2_5/audio_process.py:85: UserWarning: PySoundFile failed. Trying audioread instead.
  librosa.load(
/home/gaofeng/anaconda3/envs/omnizip/lib/python3.10/site-packages/librosa/core/audio.py:184: FutureWarning: librosa.core.audio.__audioread_load
	Deprecated as of librosa version 0.10.0.
	It will be removed in librosa version 1.0.
  y, sr_native = __audioread_load(path, offset, duration, dtype)
Unused or unrecognized kwargs: return_tensors, images.
Unused or unrecognized kwargs: return_tensors, images.
WARNING:root:System prompt modified, audio output may not work as expected. Audio output mode only works when using default system prompt 'You are Qwen, a virtual human developed by the Qwen Team, Alibaba Group, capable of perceiving auditory and visual inputs, as well as generating text and speech.'
/home/gaofeng/OmniZip/qwen-omni-utils/src/qwen_omni_utils/v2_5/audio_process.py:85: UserWarning: PySoundFile failed. Trying audioread instead.
  librosa.load(
/home/gaofeng/anaconda3/envs/omnizip/lib/python3.10/site-packages/librosa/core/audio.py:184: FutureWarning: librosa.core.audio.__audioread_load
	Deprecated as of librosa version 0.10.0.
	It will be removed in librosa version 1.0.
  y, sr_native = __audioread_load(path, offset, duration, dtype)
WARNING:root:System prompt modified, audio output may not work as expected. Audio output mode only works when using default system prompt 'You are Qwen, a virtual human developed by the Qwen Team, Alibaba Group, capable of perceiving auditory and visual inputs, as well as generating text and speech.'
/home/gaofeng/OmniZip/qwen-omni-utils/src/qwen_omni_utils/v2_5/audio_process.py:85: UserWarning: PySoundFile failed. Trying audioread instead.
  librosa.load(
/home/gaofeng/anaconda3/envs/omnizip/lib/python3.10/site-packages/librosa/core/audio.py:184: FutureWarning: librosa.core.audio.__audioread_load
	Deprecated as of librosa version 0.10.0.
	It will be removed in librosa version 1.0.
  y, sr_native = __audioread_load(path, offset, duration, dtype)
Unused or unrecognized kwargs: return_tensors, images.
WARNING:root:System prompt modified, audio output may not work as expected. Audio output mode only works when using default system prompt 'You are Qwen, a virtual human developed by the Qwen Team, Alibaba Group, capable of perceiving auditory and visual inputs, as well as generating text and speech.'
/home/gaofeng/OmniZip/qwen-omni-utils/src/qwen_omni_utils/v2_5/audio_process.py:85: UserWarning: PySoundFile failed. Trying audioread instead.
  librosa.load(
/home/gaofeng/anaconda3/envs/omnizip/lib/python3.10/site-packages/librosa/core/audio.py:184: FutureWarning: librosa.core.audio.__audioread_load
	Deprecated as of librosa version 0.10.0.
	It will be removed in librosa version 1.0.
  y, sr_native = __audioread_load(path, offset, duration, dtype)
Unused or unrecognized kwargs: return_tensors, images.
Unused or unrecognized kwargs: return_tensors, images.
WARNING:root:System prompt modified, audio output may not work as expected. Audio output mode only works when using default system prompt 'You are Qwen, a virtual human developed by the Qwen Team, Alibaba Group, capable of perceiving auditory and visual inputs, as well as generating text and speech.'
/home/gaofeng/OmniZip/qwen-omni-utils/src/qwen_omni_utils/v2_5/audio_process.py:85: UserWarning: PySoundFile failed. Trying audioread instead.
  librosa.load(
/home/gaofeng/anaconda3/envs/omnizip/lib/python3.10/site-packages/librosa/core/audio.py:184: FutureWarning: librosa.core.audio.__audioread_load
	Deprecated as of librosa version 0.10.0.
	It will be removed in librosa version 1.0.
  y, sr_native = __audioread_load(path, offset, duration, dtype)
WARNING:root:System prompt modified, audio output may not work as expected. Audio output mode only works when using default system prompt 'You are Qwen, a virtual human developed by the Qwen Team, Alibaba Group, capable of perceiving auditory and visual inputs, as well as generating text and speech.'
/home/gaofeng/OmniZip/qwen-omni-utils/src/qwen_omni_utils/v2_5/audio_process.py:85: UserWarning: PySoundFile failed. Trying audioread instead.
  librosa.load(
/home/gaofeng/anaconda3/envs/omnizip/lib/python3.10/site-packages/librosa/core/audio.py:184: FutureWarning: librosa.core.audio.__audioread_load
	Deprecated as of librosa version 0.10.0.
	It will be removed in librosa version 1.0.
  y, sr_native = __audioread_load(path, offset, duration, dtype)
WARNING:root:System prompt modified, audio output may not work as expected. Audio output mode only works when using default system prompt 'You are Qwen, a virtual human developed by the Qwen Team, Alibaba Group, capable of perceiving auditory and visual inputs, as well as generating text and speech.'
/home/gaofeng/OmniZip/qwen-omni-utils/src/qwen_omni_utils/v2_5/audio_process.py:85: UserWarning: PySoundFile failed. Trying audioread instead.
  librosa.load(
/home/gaofeng/anaconda3/envs/omnizip/lib/python3.10/site-packages/librosa/core/audio.py:184: FutureWarning: librosa.core.audio.__audioread_load
	Deprecated as of librosa version 0.10.0.
	It will be removed in librosa version 1.0.
  y, sr_native = __audioread_load(path, offset, duration, dtype)
Unused or unrecognized kwargs: return_tensors, images.
Unused or unrecognized kwargs: images, return_tensors.
WARNING:root:System prompt modified, audio output may not work as expected. Audio output mode only works when using default system prompt 'You are Qwen, a virtual human developed by the Qwen Team, Alibaba Group, capable of perceiving auditory and visual inputs, as well as generating text and speech.'
/home/gaofeng/OmniZip/qwen-omni-utils/src/qwen_omni_utils/v2_5/audio_process.py:85: UserWarning: PySoundFile failed. Trying audioread instead.
  librosa.load(
/home/gaofeng/anaconda3/envs/omnizip/lib/python3.10/site-packages/librosa/core/audio.py:184: FutureWarning: librosa.core.audio.__audioread_load
	Deprecated as of librosa version 0.10.0.
	It will be removed in librosa version 1.0.
  y, sr_native = __audioread_load(path, offset, duration, dtype)
WARNING:root:System prompt modified, audio output may not work as expected. Audio output mode only works when using default system prompt 'You are Qwen, a virtual human developed by the Qwen Team, Alibaba Group, capable of perceiving auditory and visual inputs, as well as generating text and speech.'
/home/gaofeng/OmniZip/qwen-omni-utils/src/qwen_omni_utils/v2_5/audio_process.py:85: UserWarning: PySoundFile failed. Trying audioread instead.
  librosa.load(
/home/gaofeng/anaconda3/envs/omnizip/lib/python3.10/site-packages/librosa/core/audio.py:184: FutureWarning: librosa.core.audio.__audioread_load
	Deprecated as of librosa version 0.10.0.
	It will be removed in librosa version 1.0.
  y, sr_native = __audioread_load(path, offset, duration, dtype)
Unused or unrecognized kwargs: images, return_tensors.
Unused or unrecognized kwargs: return_tensors, images.
WARNING:root:System prompt modified, audio output may not work as expected. Audio output mode only works when using default system prompt 'You are Qwen, a virtual human developed by the Qwen Team, Alibaba Group, capable of perceiving auditory and visual inputs, as well as generating text and speech.'
/home/gaofeng/OmniZip/qwen-omni-utils/src/qwen_omni_utils/v2_5/audio_process.py:85: UserWarning: PySoundFile failed. Trying audioread instead.
  librosa.load(
/home/gaofeng/anaconda3/envs/omnizip/lib/python3.10/site-packages/librosa/core/audio.py:184: FutureWarning: librosa.core.audio.__audioread_load
	Deprecated as of librosa version 0.10.0.
	It will be removed in librosa version 1.0.
  y, sr_native = __audioread_load(path, offset, duration, dtype)
Unused or unrecognized kwargs: return_tensors, images.
Unused or unrecognized kwargs: images, return_tensors.
WARNING:root:System prompt modified, audio output may not work as expected. Audio output mode only works when using default system prompt 'You are Qwen, a virtual human developed by the Qwen Team, Alibaba Group, capable of perceiving auditory and visual inputs, as well as generating text and speech.'
/home/gaofeng/OmniZip/qwen-omni-utils/src/qwen_omni_utils/v2_5/audio_process.py:85: UserWarning: PySoundFile failed. Trying audioread instead.
  librosa.load(
/home/gaofeng/anaconda3/envs/omnizip/lib/python3.10/site-packages/librosa/core/audio.py:184: FutureWarning: librosa.core.audio.__audioread_load
	Deprecated as of librosa version 0.10.0.
	It will be removed in librosa version 1.0.
  y, sr_native = __audioread_load(path, offset, duration, dtype)
W0327 21:35:08.509000 947711 site-packages/torch/distributed/elastic/agent/server/api.py:719] Received Signals.SIGINT death signal, shutting down workers
W0327 21:35:08.509000 947711 site-packages/torch/distributed/elastic/multiprocessing/api.py:897] Sending process 947777 closing signal SIGINT
W0327 21:35:08.509000 947711 site-packages/torch/distributed/elastic/multiprocessing/api.py:897] Sending process 947778 closing signal SIGINT
W0327 21:35:08.509000 947711 site-packages/torch/distributed/elastic/multiprocessing/api.py:897] Sending process 947779 closing signal SIGINT
W0327 21:35:08.510000 947711 site-packages/torch/distributed/elastic/multiprocessing/api.py:897] Sending process 947780 closing signal SIGINT
[rank0]: Traceback (most recent call last):
[rank0]:   File "/home/gaofeng/OmniZip/eval/eval_shortvid.py", line 640, in <module>
[rank0]:     evaluate_dataset_distributed(
[rank0]:   File "/home/gaofeng/OmniZip/eval/eval_shortvid.py", line 559, in evaluate_dataset_distributed
[rank0]:     result = evaluate_fn(sample, video_dir, processor, model)
[rank0]:   File "/home/gaofeng/OmniZip/eval/eval_shortvid.py", line 383, in evaluate_sample_WorldSense
[rank0]:     predicted_answer, resp_text = _run_mcq_inference(video_path, sample["question"], sample["candidates"], processor, model)
[rank0]:   File "/home/gaofeng/OmniZip/eval/eval_shortvid.py", line 355, in _run_mcq_inference
[rank0]:     inputs = inputs.to(model.device).to(model.dtype)
[rank0]:   File "/home/gaofeng/anaconda3/envs/omnizip/lib/python3.10/site-packages/transformers/feature_extraction_utils.py", line 243, in to
[rank0]:     new_data[k] = v.to(*args, **kwargs)
[rank0]: KeyboardInterrupt
[rank3]: Traceback (most recent call last):
[rank3]:   File "/home/gaofeng/OmniZip/eval/eval_shortvid.py", line 640, in <module>
[rank3]:     evaluate_dataset_distributed(
[rank3]:   File "/home/gaofeng/OmniZip/eval/eval_shortvid.py", line 559, in evaluate_dataset_distributed
[rank3]:     result = evaluate_fn(sample, video_dir, processor, model)
[rank3]:   File "/home/gaofeng/OmniZip/eval/eval_shortvid.py", line 383, in evaluate_sample_WorldSense
[rank3]:     predicted_answer, resp_text = _run_mcq_inference(video_path, sample["question"], sample["candidates"], processor, model)
[rank3]:   File "/home/gaofeng/OmniZip/eval/eval_shortvid.py", line 357, in _run_mcq_inference
[rank3]:     cont = model.generate(
[rank3]:   File "/home/gaofeng/anaconda3/envs/omnizip/lib/python3.10/site-packages/torch/utils/_contextlib.py", line 116, in decorate_context
[rank3]:     return func(*args, **kwargs)
[rank3]:   File "/home/gaofeng/OmniZip/eval/../omnizip/modeling_qwen2_5_omni.py", line 4659, in generate
[rank3]:     thinker_result = self.thinker.generate(input_ids=input_ids, **thinker_kwargs)
[rank3]:   File "/home/gaofeng/anaconda3/envs/omnizip/lib/python3.10/site-packages/torch/utils/_contextlib.py", line 116, in decorate_context
[rank3]:     return func(*args, **kwargs)
[rank3]:   File "/home/gaofeng/anaconda3/envs/omnizip/lib/python3.10/site-packages/transformers/generation/utils.py", line 2597, in generate
[rank3]:     result = self._sample(
[rank3]:   File "/home/gaofeng/anaconda3/envs/omnizip/lib/python3.10/site-packages/transformers/generation/utils.py", line 3557, in _sample
[rank3]:     outputs = self(**model_inputs, return_dict=True)
[rank3]:   File "/home/gaofeng/anaconda3/envs/omnizip/lib/python3.10/site-packages/torch/nn/modules/module.py", line 1739, in _wrapped_call_impl
[rank3]:     return self._call_impl(*args, **kwargs)
[rank3]:   File "/home/gaofeng/anaconda3/envs/omnizip/lib/python3.10/site-packages/torch/nn/modules/module.py", line 1750, in _call_impl
[rank3]:     return forward_call(*args, **kwargs)
[rank3]:   File "/home/gaofeng/OmniZip/eval/../omnizip/modeling_qwen2_5_omni.py", line 2508, in forward
[rank3]:     video_embeds = self.get_video_features(pixel_values_videos, video_grid_thw)
[rank3]:   File "/home/gaofeng/OmniZip/eval/../omnizip/modeling_qwen2_5_omni.py", line 2307, in get_video_features
[rank3]:     video_embeds = self.visual(pixel_values_videos, grid_thw=video_grid_thw)
[rank3]:   File "/home/gaofeng/anaconda3/envs/omnizip/lib/python3.10/site-packages/torch/nn/modules/module.py", line 1739, in _wrapped_call_impl
[rank3]:     return self._call_impl(*args, **kwargs)
[rank3]:   File "/home/gaofeng/anaconda3/envs/omnizip/lib/python3.10/site-packages/torch/nn/modules/module.py", line 1750, in _call_impl
[rank3]:     return forward_call(*args, **kwargs)
[rank3]:   File "/home/gaofeng/OmniZip/eval/../omnizip/modeling_qwen2_5_omni.py", line 1386, in forward
[rank3]:     rotary_pos_emb = self.rot_pos_emb(grid_thw)
[rank3]:   File "/home/gaofeng/OmniZip/eval/../omnizip/modeling_qwen2_5_omni.py", line 1307, in rot_pos_emb
[rank3]:     hpos_ids = torch.arange(h).unsqueeze(1).expand(-1, w)
[rank3]: KeyboardInterrupt
[rank1]: Traceback (most recent call last):
[rank1]:   File "/home/gaofeng/OmniZip/eval/eval_shortvid.py", line 640, in <module>
[rank1]:     evaluate_dataset_distributed(
[rank1]:   File "/home/gaofeng/OmniZip/eval/eval_shortvid.py", line 559, in evaluate_dataset_distributed
[rank1]:     result = evaluate_fn(sample, video_dir, processor, model)
[rank1]:   File "/home/gaofeng/OmniZip/eval/eval_shortvid.py", line 383, in evaluate_sample_WorldSense
[rank1]:     predicted_answer, resp_text = _run_mcq_inference(video_path, sample["question"], sample["candidates"], processor, model)
[rank1]:   File "/home/gaofeng/OmniZip/eval/eval_shortvid.py", line 357, in _run_mcq_inference
[rank1]:     cont = model.generate(
[rank1]:   File "/home/gaofeng/anaconda3/envs/omnizip/lib/python3.10/site-packages/torch/utils/_contextlib.py", line 116, in decorate_context
[rank1]:     return func(*args, **kwargs)
[rank1]:   File "/home/gaofeng/OmniZip/eval/../omnizip/modeling_qwen2_5_omni.py", line 4659, in generate
[rank1]:     thinker_result = self.thinker.generate(input_ids=input_ids, **thinker_kwargs)
[rank1]:   File "/home/gaofeng/anaconda3/envs/omnizip/lib/python3.10/site-packages/torch/utils/_contextlib.py", line 116, in decorate_context
[rank1]:     return func(*args, **kwargs)
[rank1]:   File "/home/gaofeng/anaconda3/envs/omnizip/lib/python3.10/site-packages/transformers/generation/utils.py", line 2597, in generate
[rank1]:     result = self._sample(
[rank1]:   File "/home/gaofeng/anaconda3/envs/omnizip/lib/python3.10/site-packages/transformers/generation/utils.py", line 3548, in _sample
[rank1]:     while self._has_unfinished_sequences(this_peer_finished, synced_gpus, device=input_ids.device):
[rank1]:   File "/home/gaofeng/anaconda3/envs/omnizip/lib/python3.10/site-packages/transformers/generation/utils.py", line 2748, in _has_unfinished_sequences
[rank1]:     elif this_peer_finished:
[rank1]: KeyboardInterrupt
[rank2]: Traceback (most recent call last):
[rank2]:   File "/home/gaofeng/OmniZip/eval/eval_shortvid.py", line 640, in <module>
[rank2]:     evaluate_dataset_distributed(
[rank2]:   File "/home/gaofeng/OmniZip/eval/eval_shortvid.py", line 559, in evaluate_dataset_distributed
[rank2]:     result = evaluate_fn(sample, video_dir, processor, model)
[rank2]:   File "/home/gaofeng/OmniZip/eval/eval_shortvid.py", line 383, in evaluate_sample_WorldSense
[rank2]:     predicted_answer, resp_text = _run_mcq_inference(video_path, sample["question"], sample["candidates"], processor, model)
[rank2]:   File "/home/gaofeng/OmniZip/eval/eval_shortvid.py", line 351, in _run_mcq_inference
[rank2]:     audios, images, videos = process_mm_info(conversation, use_audio_in_video=USE_AUDIO_IN_VIDEO)
[rank2]:   File "/home/gaofeng/OmniZip/qwen-omni-utils/src/qwen_omni_utils/v2_5/__init__.py", line 13, in process_mm_info
[rank2]:     vision = process_vision_info(conversations, return_video_kwargs=return_video_kwargs)
[rank2]:   File "/home/gaofeng/OmniZip/qwen-omni-utils/src/qwen_omni_utils/v2_5/vision_process.py", line 487, in process_vision_info
[rank2]:     video_input, video_sample_fps = fetch_video(vision_info, return_video_sample_fps=True)
[rank2]:   File "/home/gaofeng/OmniZip/qwen-omni-utils/src/qwen_omni_utils/v2_5/vision_process.py", line 429, in fetch_video
[rank2]:     video = transforms.functional.resize(
[rank2]:   File "/home/gaofeng/anaconda3/envs/omnizip/lib/python3.10/site-packages/torchvision/transforms/functional.py", line 479, in resize
[rank2]:     return F_t.resize(img, size=output_size, interpolation=interpolation.value, antialias=antialias)
[rank2]:   File "/home/gaofeng/anaconda3/envs/omnizip/lib/python3.10/site-packages/torchvision/transforms/_functional_tensor.py", line 467, in resize
[rank2]:     img = interpolate(img, size=size, mode=interpolation, align_corners=align_corners, antialias=antialias)
[rank2]:   File "/home/gaofeng/anaconda3/envs/omnizip/lib/python3.10/site-packages/torch/nn/functional.py", line 4704, in interpolate
[rank2]:     return torch._C._nn._upsample_bicubic2d_aa(
[rank2]: KeyboardInterrupt
[rank0]:[W327 21:35:08.209207611 ProcessGroupNCCL.cpp:1496] Warning: WARNING: destroy_process_group() was not called before program exit, which can leak resources. For more info, please see https://pytorch.org/docs/stable/distributed.html#shutdown (function operator())
Traceback (most recent call last):
  File "/home/gaofeng/anaconda3/envs/omnizip/bin/torchrun", line 6, in <module>
    sys.exit(main())
  File "/home/gaofeng/anaconda3/envs/omnizip/lib/python3.10/site-packages/torch/distributed/elastic/multiprocessing/errors/__init__.py", line 355, in wrapper
    return f(*args, **kwargs)
  File "/home/gaofeng/anaconda3/envs/omnizip/lib/python3.10/site-packages/torch/distributed/run.py", line 918, in main
    run(args)
  File "/home/gaofeng/anaconda3/envs/omnizip/lib/python3.10/site-packages/torch/distributed/run.py", line 909, in run
    elastic_launch(
  File "/home/gaofeng/anaconda3/envs/omnizip/lib/python3.10/site-packages/torch/distributed/launcher/api.py", line 138, in __call__
    return launch_agent(self._config, self._entrypoint, list(args))
  File "/home/gaofeng/anaconda3/envs/omnizip/lib/python3.10/site-packages/torch/distributed/launcher/api.py", line 260, in launch_agent
    result = agent.run()
  File "/home/gaofeng/anaconda3/envs/omnizip/lib/python3.10/site-packages/torch/distributed/elastic/metrics/api.py", line 137, in wrapper
    result = f(*args, **kwargs)
  File "/home/gaofeng/anaconda3/envs/omnizip/lib/python3.10/site-packages/torch/distributed/elastic/agent/server/api.py", line 711, in run
    result = self._invoke_run(role)
  File "/home/gaofeng/anaconda3/envs/omnizip/lib/python3.10/site-packages/torch/distributed/elastic/agent/server/api.py", line 870, in _invoke_run
    time.sleep(monitor_interval)
  File "/home/gaofeng/anaconda3/envs/omnizip/lib/python3.10/site-packages/torch/distributed/elastic/multiprocessing/api.py", line 84, in _terminate_process_handler
    raise SignalException(f"Process {os.getpid()} got signal: {sigval}", sigval=sigval)
torch.distributed.elastic.multiprocessing.api.SignalException: Process 947711 got signal: 2
